-- MySQL dump 10.13  Distrib 5.7.29, for Linux (x86_64)
--
-- Host: localhost    Database: restfulFlask
-- ------------------------------------------------------
-- Server version	5.7.29-0ubuntu0.18.04.1

/*!40101 SET @OLD_CHARACTER_SET_CLIENT=@@CHARACTER_SET_CLIENT */;
/*!40101 SET @OLD_CHARACTER_SET_RESULTS=@@CHARACTER_SET_RESULTS */;
/*!40101 SET @OLD_COLLATION_CONNECTION=@@COLLATION_CONNECTION */;
/*!40101 SET NAMES utf8 */;
/*!40103 SET @OLD_TIME_ZONE=@@TIME_ZONE */;
/*!40103 SET TIME_ZONE='+00:00' */;
/*!40014 SET @OLD_UNIQUE_CHECKS=@@UNIQUE_CHECKS, UNIQUE_CHECKS=0 */;
/*!40014 SET @OLD_FOREIGN_KEY_CHECKS=@@FOREIGN_KEY_CHECKS, FOREIGN_KEY_CHECKS=0 */;
/*!40101 SET @OLD_SQL_MODE=@@SQL_MODE, SQL_MODE='NO_AUTO_VALUE_ON_ZERO' */;
/*!40111 SET @OLD_SQL_NOTES=@@SQL_NOTES, SQL_NOTES=0 */;

--
-- Table structure for table `Bilder`
--

DROP TABLE IF EXISTS `Bilder`;
/*!40101 SET @saved_cs_client     = @@character_set_client */;
/*!40101 SET character_set_client = utf8 */;
CREATE TABLE `Bilder` (
  `id` int(10) NOT NULL,
  `uri` varchar(255) DEFAULT NULL,
  PRIMARY KEY (`id`)
) ENGINE=InnoDB DEFAULT CHARSET=latin1;
/*!40101 SET character_set_client = @saved_cs_client */;

--
-- Dumping data for table `Bilder`
--

LOCK TABLES `Bilder` WRITE;
/*!40000 ALTER TABLE `Bilder` DISABLE KEYS */;
INSERT INTO `Bilder` VALUES (1,'https://my.hidrive.com/lnk/DkADHo60'),(2,'https://my.hidrive.com/lnk/EzgDHcEq'),(3,'https://my.hidrive.com/lnk/KTADnn0f'),(4,'https://my.hidrive.com/lnk/tkgjH987'),(5,'https://my.hidrive.com/lnk/cbgDneNz'),(6,'https://my.hidrive.com/lnk/T4ADH19K'),(7,'https://my.hidrive.com/lnk/UIgDHheu'),(8,'https://my.hidrive.com/lnk/obADHWKi'),(9,'https://my.hidrive.com/lnk/zoADH0Xr'),(10,'https://my.hidrive.com/lnk/JpADnK10');
/*!40000 ALTER TABLE `Bilder` ENABLE KEYS */;
UNLOCK TABLES;

--
-- Table structure for table `admins`
--

DROP TABLE IF EXISTS `admins`;
/*!40101 SET @saved_cs_client     = @@character_set_client */;
/*!40101 SET character_set_client = utf8 */;
CREATE TABLE `admins` (
  `id` int(10) NOT NULL,
  `email` varchar(255) DEFAULT NULL,
  `authenticated` varchar(100) DEFAULT NULL,
  `active` varchar(100) DEFAULT NULL,
  PRIMARY KEY (`id`)
) ENGINE=InnoDB DEFAULT CHARSET=latin1;
/*!40101 SET character_set_client = @saved_cs_client */;

--
-- Dumping data for table `admins`
--

LOCK TABLES `admins` WRITE;
/*!40000 ALTER TABLE `admins` DISABLE KEYS */;
INSERT INTO `admins` VALUES (1,'anira.schas@gmail.com','true','true'),(2,'hofgrueneberg@googlemail.com','true','true');
/*!40000 ALTER TABLE `admins` ENABLE KEYS */;
UNLOCK TABLES;

--
-- Table structure for table `obstsorten`
--

DROP TABLE IF EXISTS `obstsorten`;
/*!40101 SET @saved_cs_client     = @@character_set_client */;
/*!40101 SET character_set_client = utf8 */;
CREATE TABLE `obstsorten` (
  `id` int(11) NOT NULL,
  `fruchtID` int(11) DEFAULT NULL,
  `frucht` varchar(100) DEFAULT NULL,
  `sorte` varchar(100) DEFAULT NULL,
  `andereNamen` varchar(255) DEFAULT NULL,
  `herkunft` varchar(512) DEFAULT NULL,
  `groesse` varchar(255) DEFAULT NULL,
  `beschreibung` varchar(512) DEFAULT NULL,
  `reifezeit` varchar(255) DEFAULT NULL,
  `geschmack` varchar(255) DEFAULT NULL,
  `verwendung` varchar(512) DEFAULT NULL,
  `lager` varchar(512) DEFAULT NULL,
  `verbreitung` varchar(255) DEFAULT NULL,
  PRIMARY KEY (`id`)
) ENGINE=InnoDB DEFAULT CHARSET=latin1;
/*!40101 SET character_set_client = @saved_cs_client */;

--
-- Dumping data for table `obstsorten`
--

LOCK TABLES `obstsorten` WRITE;
/*!40000 ALTER TABLE `obstsorten` DISABLE KEYS */;
INSERT INTO `obstsorten` VALUES (1,1,'Apfel','Graue Herbst-renette','Goldrenette, Grüne Renette, späte graue Renette, Rabaue, Herbstrabau, Lederapfel, Lederrenette','Kloster Morimond, aus Frankreich stammend','Baum kann 4 - 10 m hoch wachsen, Sorte trägt sehr gut','Mittelgroßn Äpfel: die rund, abgeflacht und häufig etwas unregelmäßig geformt sind. Erst grünliche, dann gelbe Deckfarbe, die großflächig braun „berostet“ ist.','Die Früchte sind im Oktober pflückreif und sollten so lange wie möglich am Baum belassen werden. Genussreif ab Mitte November','Sorte zeichnet sich durch ihren sehr guten, würzigen Geschmack aus, Fruchtfleisch ist in frischem Zustand fein, mürbe und saftreich und angenehm säuerlich.','Leckerer Tafelapfel und auch gut für die weitere Verarbeitung zu Apfelmus, Apfelsaft für Apfelkuchen und auch für die Herstellung von Obstbrand geeignet','Haltbar bis Februar','In Deutschland besonders in Westfalen und Rheinland-Pfalz verbreitet.'),(2,1,'Apfel','Roter Boskoop','Blutroter Boskoop ','Entstand aus einer Knospenmutation des Boskoop um 1923.','Der Baum ist breit ausladend und kann bis zu 4 - 10 m hoch werden. ','Sehr große Äpfel: sonnenseits verwaschen, dunkelrote Schale, gelblich-weißes und festes Fruchtfleisch ','Die Früchte reifen Ende September bis Mitte Oktober und sind genussreif von November - April.','Die Sorte zeichnet sich durch erfrischenden, süßsäuerlichen Geschmack aus. ','Diese Apfelsorte ist ein sehr guter Tafel- und Wirtschaftsapfel und durch ihren Geschmack sehr beliebt. Sie lässt sich gut zum Einmachen oder Backen verwenden. ','Am besten trocken, aber nicht zu trocken, sonst schrumpfen sie leicht zusammen. Haltbar bis April','Die Sorte wächst hauptsächlich in Deutschland, hier stark im Rheinland verbreitet.'),(3,1,'Apfel','Schöner von Boskoop','Boskop, Boskoop, Renette von Montfort','Sorte stammt aus den Niederlanden - der Apfel ist seit 1863 eine weit verbreitete Standardsorte.','Der Baum hat eine sehr starkwüchsige, weit ausladende Krone und kann bis zu 4 - 10 m hochwachsen. ','Große Äpfel (bis zu 200g): Früchte haben eine rotgelbe Schale und ein mittelfestes Fruchtfleisch.','Die Früchte reifen Ende September bis Mitte Oktober und sind genussreif von November - April.','Die Sorte zeichnet sich durch säuerlichen Geschmack aus - der hohe Säureanteil überdeckt sogar den hohen Zuckergehalt!','Apfel kann vielseitig eingesetzt werden. Aufgrund des hohen Säuregehaltes ist der Boskoop für die Zubereitung von Apfelmus oder Apfelpfannkuchen sowie als Back- oder Bratapfel gut geeignet – außerdem ausgezeichnetes Tafelobst. ','Am besten trocken, aber nicht zu trocken, sonst schrumpfen sie leicht zusammen. Haltbar bis April','Diese Sorte ist hauptsächlich in den Niederlanden verbreitet, aber auch im Rheinland, Österreich und in Bayern beheimatet.'),(4,1,'Apfel','Graven-steiner','Gråsten æble (dänisch), Blumencalvill, Ernteapfel, Sabine of the Flemmings, Sommerkönig','Seit 1669 in Dänemark und Schleswig bekannt, 2005 zu Dänemarks Nationalfrucht gekürt.','Der Baum hat einen kräftigen Busch und kann von 6 - bis 8 m hoch werden. ','Äpfel im Vergleich groß bis sehr groß: grobkantig und wenig rund, häufig auch schief. Die Schale ist weich und hat eine zarte, wachsgelbe Färbung. Die Sonnenseite des Apfels ist karminrot. ','Die Pflückreife dieses Apfels ist von Ende August bis Mitte September. Gegessen wird der Apfel vom Pflücken bis in den November/ Dezember.','Diese Sorte wird seit Jahrhunderten für ihren Geschmack gelobt. Deutlich süßer als die meisten anderen Sommeräpfel wird er als „feinfruchtig, würzig“ und mit einem „einmaligen Aroma“ beschrieben. ','Ein sehr universell eingesetzter Apfel, der sowohl als Tafelapfel als auch zum Backen, zur Herstellung von Apfelmus und zur Herstellung von Apfelwein genutzt wird.','Lässt sich von Anfang September bis Ende Dezember ohne Probleme lagern.','Hauptsächlich wächst diese Sorte in Europa (Schwerpunkt Südtirol bis Norwegen und Schweden); bekannt auch in Kanada und Kalifornien.'),(5,1,'Apfel','Roter Graven-steiner','Rosenapfel','Diese Sorte ist eine Knospen-mutation des Gravensteiner, und stammt aus Lübeck, wo die Sorte um 1858 entdeckt wurde. ','Der Baum hat einen kräftigen Wuchs und kann 4 - 10 m in die Höhe wachsen. ','Diese Apfelbaumsorte trägt mittelgroße bis große, ovale Früchte mit sehr feinem, saftigem Fruchtfleisch und einer grüngelblichen, glänzenden Schale.','Die Pflückreife dieses Apfels ist ab Anfang August, wobei es hier stark auf die Lage des Baumes ankommt. Genussreif bis November/ Dezember.','Der Apfel wird als sehr saftig angepriesen und sein sehr süßlicher, aromatischer Geschmack macht ihn zu einer beliebten Sorte. Die Genussreife ist direkt nach der Ernte am Stärksten! ','Die Sorte lässt sich als ausgezeichneter Tafelapfel verwenden, jedoch eignet er sich auch als Koch- und Backapfel. ','Der Apfel lässt sich von Oktober bis Anfang Dezember mit guter Kühlung lagern. ','Eine in Europa sehr beliebte Sorte, die besonders in nördlichen Teilen des Kontinents weit verbreitet ist.'),(6,1,'Apfel','Gewürzluiken','Gewürzluike, Gewürzluikenapfel','Dieser Kulturapfel ist ursprünglich ein Zufallssämling, seit etwa 1885 von Nordwürtemberg aus verbreitet','Der Baum hat einen starken Busch und kann 4 - 10 m in die Höhe wachsen. ','Diese Äpfel duften sehr kräftig und angenehm.  Die mittelgroßen bis großen Früchte haben eine gelbe Grundfarbe und eine kräftig karminrote Deckfarbe. ','Pflückreif sind die Früchte etwa Mitte bis Ende Oktober und von November bis März genussreif.','Das Fruchtfleisch ist weiß, sehr saftig und hat einen säuerlichen, leicht würzigen Geschmack mit intensivem Aroma. ','Diese Apfelsorte wird als Tafelapfel genutzt und eignet sich auch gut zum Mosten.','Der Apfel lässt sich von Mitte Oktober bis Anfang März gut lagern.  ','Diese alte Sorte ist vor allem in Württemberg bekannt und dort auch am stärksten verbreitet. '),(7,1,'Apfel','Ontarioapfel','Ontario','Diese Winterapfelsorte wurde im Jahre 1874 im Ontario County in den USA (Bundes-staat New York) gezüchtet. Seit den 1880er Jahren auch in Europa verbreitet.','Der Baum hat einen mittelstarken Busch und kann 4 - 10 m in die Höhe wachsen. ','große, grünlich-gelbe Früchte: besonders gut sonnenbeschienene Äpfel färben sich zunächst gelbgrünlich, dann gelb. Die Sonnenseite der Früchte wird erst leicht rot, dann zeigt sie später verwaschene Streifen. ','Von Mitte Oktober bis Mitte November ist dieser Apfel pflückreif und ist dann ab Dezember genussreif.','Diese Sorte hat einen sehr hohen Vitamin-C Anteil und zeichnet sich durch ihren säuerlichen und spritzigen Geschmack aus. Ihr saftiges Fruchtfleisch macht diesen Apfel somit zu einer beliebten Sorte. ','Diese Apfelsorte wird als Tafelapfel genutzt, jedoch eignet er sich auch als Backapfel und zur Herstellung von Fruchtsaft. ','Der Apfel hat eine lange, unproblematische Lagerfähigkeit und kann von Dezember bis Mai gegessen werden.','Noch immer in ihrem Herkunftsland USA verbreitet, wird diese Sorte außerdem in West- und Mitteleuropa angebaut. '),(8,1,'Apfel','Klarapfel','Jakobiapfel, Weißer Klarapfel','Der Klarapfel stammt aus einer kleinen Baumschule in Riga (Lettland) und wurde seit 1852 von dort aus verbreitet. ','Diese Sorte kann bis zu 4 - 10 m in die Höhe wachsen. ','Die Äpfel sind mittegroß bis groß:  Die Schale ist dünn und glatt und hat eine sehr gleichmäßige grünlich-weiße Farbe, die mit der Reife in ein weißliches Gelb übergeht.','Der weiße Klarapfel ist ein Sommerapfel, die Äpfel reifen bereits Mitte bis Ende Juli - damit ist dies eine der Sorten mit der frühesten Reifezeit.','Die Sorte begeistert durch ein mild-säuerliches, saftiges Fruchtfleisch. ','Die Sorte eignet sich gut für Apfelmus und Apfelstrudel, aber auch hervorragend als Tafel- und Backapfel. Auch gut zum Mosten.','Der Apfel ist sehr druckempfindlich und ist deshalb nur etwa zwei-drei Wochen lagerfähig.','1852 wurde er von Lettland nach Frankreich gebracht und von dort aus über Europa verbreitet. In Deutschland traditionell in Rheinland-Pfalz angebaut.'),(9,1,'Apfel','Cox Orange','Cox’s Orange Pippin (England), Cox’s Pomeranzen Pepping, Cox Orangenrenette, Russet Pippin, Verbesserte Muskatrenette','Von Richard Cox 1825 in der Nähe von London vermutlich aus Samen von \'Ribston Pebbing\' gezogen.','Mit einem mittelstarken Wuchs kann der Baum bis zu 4-10 m in die Höhe wachsen.','Cox Orange-Äpfel sind mittelgroß. Der Apfel ist breiter als hoch, in den meisten Fällen recht gleichmäßig gebau. Der ausgeprägt zweifarbige Apfel hat besonders markante Farben, wenn kühle Nächte der Ernte vorausgingen. ','Pflückreif sind die Früchte Ende September bis Mitte Oktober und genussreif von Oktober bis Januar.','Der Apfel belegt bei Geschmackstests regelmäßig erste Plätze - Die Sorte hat eine angenehme Balance aus Süße und Säure, die von einem intensiven Geruch begleitet wird. ','Er ist zum Direktverzehr geeignet, ebenso wie zur Produktion von Apfelwein und Apfelschaumwein. Beim Kochen und Backen behält er ein intensives Aroma.','Der Apfel kann von Anfang September bis März gelagert werden.','Besonders stark in England, dem Herkunftsland des Apfels verbreitet, wurde dieser beliebte, britische Apfel später in ganz Europa angepflanzt. '),(10,1,'Apfel','Goldrenette von Blenheim','Goldrenette aus Blenheim, Blenheim Orange, Blenheim, Woodstock Pippin','Diese Sorte wurde 1740 als Zufallssämling in Woodstock, England, im Schlosspark des Herzogs von Marlborough gefunden und nach dem benachbarten Landsitz Blenheim Palace benannt','Der Baum hat einen starken Busch und kann 4 - 10 m in die Höhe wachsen. ','Die große bis sehr große, flachkugelige Frucht hat eine glatte, trockene, samtig feste bis mürbe Schale und ist gelbgrün bis rötlichgelb gefärbt. ','Pflückreif ist der Baum, je nach Klima, zwischen Ende September und Mitte Oktober, meist Anfang Oktober. Genußreif dann bis Februar.','Das mittelfeste, gelblich weiße Fruchtfleisch ist feinzellig und saftig. Der Geschmack ist harmonisch süß-mildsäuerlich, sehr typisch gewürzt, mit Walnußaroma.','Der Apfel ist für den Frischverzehr und die häusliche Verarbeitung geeignet. Beim Kochen behält er dabei vergleichsweise viel Struktur.','Die Goldrenette von Blenheim lässt sich von Mitte Oktober bis März lagern - Die Frucht ist außerdem wenig druckempfindlich!','War der Blenheim früher eine geschätzte und verbreitete Sorte, ist er heute nur noch vereinzelt in England vorhanden.'),(11,1,'Apfel','Rote Sternrenette','Calville Etoilée, Pomme de Coeur, Herzapfel, Rote Herbstrenette und Weihnachtsapfel','Über 200 Jahre alte Sorte, stammt wahrscheinlich aus der Umgebung von Maastricht, Niederlande. Die Sorte wurde 1830 erstmals beschrieben.','Diese Sorte hat einen schwachen bis mittelstarken Busch und kann 2,5 - 4 m hoch wachsen.','Die Äpfel sind mittelgroß - die Frucht ist oft fein hellbläulich bereift. Die Schale ist glatt, trocken, zäh und von der Farbe purpur, scharlachrot bis dunkelrot verwaschen.','Pflückreife im September, genussreif bis Dezember','Das Fruchtfleisch der  Sorte ist gelblichweiß, saftig und erfrischend süß-säuerlich im Geschmack.','Die Sorte eignet sich als sehr guter Tapfelapfel mit hohem Zierwert - wegen seiner tiefroten Farbe auch als Weihnachtsapfel bekannt. Kann zu Saft, Wein und Mus verarbeitet werden.','Der Apfel reift noch nach und ist bis etwa Mitte Januar lagerfähig.','Der Apfel galt früher als „der klassische Weihnachtsapfel“ und war sehr weit verbreitet.'),(12,1,'Apfel','Rote Gold-parmäne','Englische Wintergoldparmäne, King of the Pippins, Rein des Reinettes, Königin der Renetten','Sorte soll um 1200  in der englischen Grafschaft Worcestershire entstanden sein, seit ca 1700 ist die rote Mutation bekannt, die sich von der Goldparmäne nur in der Farbe unterscheidet.','Diese aufrecht wachsende Sorte hat einen mittelstarken Wuchs und kann eine Endhöhe von bis zu 6m erreichen. ','Die Äpfel sind  mittelgroß und hat eine grüngelb, rote Deckfarbe sowie eine schöne gleichmäßige Fruchtform.','Erntereif ist diese Sorte Ende September/ Anfang Oktober - Genussreif bis Jaunar','Die Spitzensorte gilt als süßsäuerlich und aromatisch, saftig, und ist ausgezeichnet durch ein sehr gutes Aroma.','Ein hervorragender Tafelapfel den Sie direkt vom Baum essen können. Seine Früchte können sowohl gedörrt, als auch zur Verarbeitung zu Kompott genutzt werden.','Bis in den Januar hinein lagerfähig. ','England, Frankreich, in anderern europäischen Ländern, vor allem auch in Südeuropa'),(13,1,'Apfel','Goldparmäne','Wintergoldparmäne, Goldrenette, Königin der Renetten, King of the Pippins','Sorte soll um 1200  in der englischen Grafschaft Worcestershire entstanden sein.','Diese aufrecht wachsende Sorte hat einen mittelstarken Wuchs und kann eine Endhöhe von bis zu 6m erreichen. ','Die Äpfel sind  mittelgroß und hat eine grüngelb, rote Deckfarbe sowie eine schöne gleichmäßige Fruchtform.','Erntereif ist diese Sorte Ende September/ Anfang Oktober - Genussreif bis Jaunar','Die Spitzensorte gilt als süßsäuerlich und aromatisch, saftig, und ist ausgezeichnet durch ein sehr gutes Aroma.','Ein hervorragender Tafelapfel den Sie direkt vom Baum essen können. Seine Früchte können sowohl gedörrt, als auch zur Verarbeitung zu Kompott genutzt werden.','Bis in den Januar hinein lagerfähig. ','England, Frankreich, in anderern europäischen Ländern, vor allem auch in Südeuropa'),(14,1,'Apfel','Grahams Jubiläums-apfel','Royal Jubilee\', Graham\'s Royal Jubilee\'','Sorte wurde von John Graham aus Hounslow England in den 1880er Jahren gezogen und dort 1888 registriert.','Diese Sorte hat einen mittelstarken Busch und kann bis zu 6m hoch wachsen.','Große, bis sehr große, hoch aufgebaute\nFrucht, manchmal unregelmäßig gebaut. Hellgelbe, sonnenseits sogar eine gold-gelbe Farbe.','Erntereif ist diese Sorte Mitte/ Ende Oktober, genussreif bisJanuar.','Grobes Fruchtfleisch, mürbe/mittelfest und saftreich. Ausgeprägtes, weinsaures Fruchtaroma mit einer feinen und edlen Note.','In der Küche ist diese Sorte durch seine Größe eine ideale Verarbeitungsfrucht, gut geeignet für Apfelmus, Apfel-Pfannkuchen, aks Backapfel, zum Mosten - sogar für Trockenobst!','Nach der Ernte ist diese Frucht bis Januar haltbar. ','England, in anderern Ländern selten'),(15,1,'Apfel','Prinzenapfel','Flaschenapfel, Hasenkopp (Berlin, Norddeutschland), Annanasapfel, Immerträger, Katzenkopf, Nonnenapfel, Schlotterapfel','Diese Sorte ist seit 1780 bekannt und stammt sehr wahrscheinlich aus Norddeutschland.','Diese licht wachsende Apfelbaumsorte kann bis zu 4-8 m hoch wachsen.','Dieser prächtige Baum entwickelt mittelgroße, nach Ananas duftende Früchte. Die Fruchtschale ist glatt, mattglänzend und gelblichgrün, bei Genussreife hellgelb. Die Sonnenseite der Frucht ist oft kräftig gerötet und gestreift. ','Erntereif ist diese Sorte Mitte September, genussreif Oktober bis Dezember/ Januar.','Gelblichweißes Fruchtfleisch: relativ fein und saftig hat es eine angenehme Säure bei ausreichend hohem Zuckergehalt. Der Prinzenapfel hat einen typischen fruchtigen Geschmack mit feiner Würze.','Als Tafelapfel besitzt der Prinzenapfel einen hohen Stellenwert und findet eine vielfältige Verwendung in der Küche.','Diese Sorte muss kühl und luftfeucht gelagert werden und  ist dann bis in den Januar hinein haltbar.','England, Norwegen, Polen, und in vielen Teilen Deutschlands.'),(16,1,'Apfel','Holsteiner Cox','Vahldieks Sämling Nr. 3, Gelber Holsteiner Cox, Holstein','Diese Sorte wurde 1920 von Johannes Valdiek aus Eutin aus der Sorte \"Cox Orange\" und einer weiteren, unbekannten Sorte in Schleswig-Holstein gezüchtet.','Diese Sorte kann mit ihrem breiten, stark ausladendem Busch bis zu 4- 8m hoch wachsen.','Die Frucht wird mittelgroß bis groß, ist von grün-gelber bis roter Farbe.','Der Holsteiner Ende September/ Mitte Oktober pflückreif und genussreif bis Dezember.','Dieser Apfel hat ein säuerliches, aromatisch-würziges Fruchtfleisch (mit einem Aroma, das dem des \'Cox Orange\' nahekommt).','Durch den ausgezeichneten Geschmack ist diese Sorte ein hochwertiger Tafelapfel.','Bis Dezember lagerfähig. ','Er ist im Norden Deutschlands weit verbreitet vor allem in Schleswig-Holstein.'),(17,1,'Apfel','Ingrid Marie','Ingrid Maries Aeble, Hoed Orange','Die Sorte wurde um 1910 in Flemløse auf der Insel Fünen (Dänemark) als Zufallssämling gezogen','Mit einem erst mittelstarkem, dann später schwächerem Wuchs wird dieser Baum bis zu 6m hoch.','Mittelgroß, form sehr regelmäßig, hat kräftigrote feste Schale, deren Farbe sich im äußersten Fruchtfleisch fortsetzen kann.','Pflückreif Mitte bis Ende September und dann genussreif bis Januar.','Der fein-säuerlichr Geschmack der Äpfel ist eine himmlische Gaumenfreude und verzaubert Groß und Klein.','Die Äpfel eignen sich hervorragend zum Weiterverarbeiten - zum Backen für Kuchen ist dieser Apfel mit die erste Wahl.','Die Sorte ist etwa bis Januar lagerfähig.','Besonders in Dänemark verbreitet, wird diese Sorte leider vom ertragreicheren Sorten verdrängt.'),(18,1,'Apfel','Jakob Fischer','Schöner vom Oberland','Vom Landwirt Jakob Fischer aus Rottum in Oberschwaben 1903 entdeckter Zufallssämling.','Mit einem starken und breit pyramidalen Busch kann dieser Baum bis zu 8m hoch werden.','Die äußerlich ansprechende Frucht ist groß bis sehr groß, flachkugelig und unregelmäßig geformt. Die Grundfarbe der Schale ist hellgelb, die Deckfarbe ein kräftiges Rot.','Pflückreif Ende August/ Anfang September, genussreif bis Ende Oktober/ Anfang November','Das Fruchtfleisch ist grobzellig, locker und saftig. Es schmeckt feinsäuerlich, süßfruchtig und wird später leicht mehlig','Die Sorte ist sowohl als Tafelobst als auch als Haushaltsapfel zum Einmachen, Backen, Entsaften und für Kompott geeignet.','Die Sorte ist  bis November lagerfähig.','Der Apfel entwickelte sich zu einer vielseitigen Standardsorte im Königreich Württemberg und ist auch heute noch in Deutschland verbreitet.'),(19,1,'Apfel','Kaiser Wilhelm','Peter Broich, Wilhelmsapfel ','Im Jahre 1864 wurde dieser Apfel im Bergischen Land vom Züchter Johann Wilhelm Schumacher im Gutsgarten von Haus Bürgel bei Burscheid als bereits veredelter Baum entdeckt. Der Pomologe Carl Hesselmann gewann Kaiser Wilhelm den I. 1875 für die Namensgebung.','Diese Sorte hat einen starken bis sehr starken Wuchs und kann bis zu 10m groß werden.','Seine mittelgroßen bis großen Früchte sind bis zu 170 Gramm schwer und haben ein gelbweißes, festes Fleisch. Es ist saftig und die Früchte sind druckunempfindlich.','Pflückreif Ende September bis Mitte Oktober, genussreif bis März/ April','Diese Sorte hat ein hat ein wohlschmeckendes, himbeerartiges Aroma. Der würzige, weinsäuerliche Geschmack ist ein Erlebnis für die Sinne und prägt sich ein.','Diese Apfelsorte eignet sich wunderbar als Tafelapfel - Auch zu Mus oder Saft verarbeitet schmeckt er köstlich.','Die Sorte ist  bis März/ April lagerfähig - jedoch wird er weniger saftig und der Apfel trockener und mürber, wenn er zu lange gelagert wird.','Diese Apfelsorte hat sich durch ihren starken Wuchs dem kommerziellen Interesse entzogen; erhält sich jedoch in privaten Gärten in Deutschland.'),(20,1,'Apfel','Jakob Lebel','Jacques Lebel, Gelber Mecklenburger, Eisenbahner','Um 1825 von Jacques Lebel in Amiens/ Nordfrankreis gezogen und von der Baumschule Lery 1849 in den Handel gebracht.','Mit einem starkwüchsigen Busch kann dieser Baum zwischen 4- 8m hoch wachsen.','Ihre Schale ist zunächst gelblich-grün, färbt sich jedoch mit der Reife gelb mit roten Streifen auf der Sonnenseite. Das Fruchtfleisch ist von gelblich-weißer Farbe.','Die Äpfel sind ab Mitte September bis Oktober pflückreif, sollten aber zum Frischverzehr möglichst spät geerntet werden, da sie dann noch besser schmecken. Genussreif bis Dezember/ Januar','Das Fruchtfleisch ist saftig mit angenehmer Säure und sehr gutem Geruch. ','Gute robuste Apfelsorte, sehr guter Tafgelapfel und die auch für die weitere Verarbeitung (auch als Backapfel!) geeignet.','Bis Dezember/ Januar lagerfähig.','Frankreich, in Deutschland besonders in Rheinland-Pfalz  und Nordrhein-Westfalen.'),(21,1,'Apfel','Rheinischer Bohnapfel','Bohnapfel, Großer Rheinischer Bohnapfel','Zwischen 1750 und 1760 im Neuwieder Becken am Niederrhein entdeckt.','Der Baum hat einen starken Busch und kann 4 - 8 m in die Höhe wachsen. ','Die Frucht ist klein bis mittelgroß. Die Schale ist glatt und glänzend und besitzt eine grüne Farbe, die sich erst zur Reife gelblich-grün verfärbt','Die Äpfel reifen Mitte Oktober bis Anfang November und sind ab Februar genussreif.','Das hellgeblich bis gelblichgrüne Fruchtfleisch ist fest, halbfein und saftig. Es schmeckt angenehm herb, das Zucker-Säure-Verhältnis verändert sich später zugunsten der Süße.','Sofern die Äpfel am Baum völlig ausreifen können, ist der Bohnapfel eine der besten Apfelsorten für die Verwertung als Wirtschaftsapfel und für die Herstellung von Fruchtsaft und Brand.','Die Äpfel sind bis Juni haltbar.','Wegen ihres hohen Ertrag und den  guten Verwertungsmöglichkeiten eine in Deutschland beliebte traditionelle Sorte.'),(22,1,'Apfel','Pommer-scher Krummstiel','Pommer’scher Krummstängel, Gestreifter Römerapfel','Die Apfelsorte wurde erstmals 1856 durch Ferdinand Jühlke beschrieben und entstand vermutlich vor 1800 auf der Insel Rügen. War bis Mitte des 20. Jahrhunderts die Hauptapfelsorte in Vorpommern.','Diese Apfelbaumsorte hat einen mittelstarken Busch und kann bis zu 6m hoch wachsen.','Der Apfel ist mittelgroß: Die Schale ist rot-gelb gestreift. Typisches Erkennungsmerkmal dieser Sorte, von dem er auch seinen Namen hat, ist der „krumme Stiel“.','Der Pommersche Krummstiel ist von September bis Oktober pflückreif und bis Februar genussreif.','Das Fruchtfleisch ist gelblichweiß, feinzellig, , mit süß-säuerlichem Geschmack und Würze. ','Guter Tafelapfel - die Sorte kann auch gut für Saft, Apfelmus, Gelee und zum Brennen verwendet werden','Die Äpfel sind bis Februar haltbar.','Traditionell verbreitet in Norddeutschland, insbesonderer in Vorpommern und auf Rügen.'),(23,1,'Apfel','Prinz Albrecht von Preußen','Albrechtapfel, Albrechtsapfel, Prinz Albrecht','Die Sorte wurde 1865 im Hofgarten von Schloß Kamenz in Schlesien als Zufallssämling gefunden und nach dem Besitzer des Schlosses benannt.','Mit einem mittelstarken Busch kann der Baum bis zu 4-6 m in die Höhe wachsen.','Die großen, flachrunden Früchte besitzen ein hellgelbe bis grüngelbe Grundfarbe mit einer von orange- bis karminrot reichenden Deckfarbe. Schale glatt und angenehm riechend.','Pflückreif Mitte bis Ende September, genussreif bis Dezember.','Das Fruchtfleisch schmeckt süßsäuerlich und sehr aromatisch.','Guter Tafelapfel - die Sorte kann auch gut für Saft verwendet werden, da  der aromatische Geschmack bei der Weiterverarbeitung gut erhalten bleibt.','Die Früchte dieser Apfelsorte sind bis Dezember lagerfähig.','Traditionall in Deutschland und Mitteleuropa, insbesondere in Schlesien sehr populär. Aufgrund der ausgeprägten Frosthärte auch für Anbau in Gebirgs-gegenden geeignet. '),(24,1,'Apfel','Seester-müher Zitronen-apfel','Goldgelbe Renette, Kohlapfel','Dieser Apfel ist nach dem Ort Seestermühe in Schleswig-Holstein benannt, in dem er 1930 als Zufallssämling gefunden wurde.','Mit einem mittelstarken Busch kann der Baum bis zu 4-6 m groß werden.','Eine große bis sehr große Frucht: Seine Schale ist zunächst grüngelb, färbt sich später zitronengelb. Darunter verbirgt sich ein weißes bis hellgelbes Fruchtfleisch.','Geerntet werden die süßsäuerlich schmeckenden Äpfel Mitte September/ Oktober, genussreif bis Januar.','Diese süßsäuerlich schmeckenden Äpfel sind besonders aromatische Winteräpfel.','Zum Backen und Kochen wird der Apfel aufgrund seines Geschmacks und leuchtender Schale gerne verwendet. Ein sehr guter Wirtschafts- und Saftapfel.','Sie können sofort verzehrt werden, sind aber auch lagerfähig bis etwa Januar.','Der Seestermüher Zitronenapfel ist sehr selten geworden. Er war besonders in Norddeutschland und Holstein verbreitet.'),(25,1,'Apfel','Rheinischer Winter-rambur','Winterrambur, Jägerapfel, Teuringer, Menznauer Jäger','Diese alte Apfelsorte ist schon seit 1650 bekannt und kann aus Rheinlandpfalz stammen oder auch aus den Benelux-Ländern.','Diese Sorte hat einen mittelstarken bis starken Wuchs und kann bis zu 6m hoch wachsen.','Der \'Rheinische Winterrambur\' ist ein großer, flachrunder Apfel. Seine glatte Schale ist zunächst hellgrün, später hellgelb. Leuchtend gerötet ist er zur Reifezeit.','Der Rheinische Winterrambur ist Mitte - Ende Oktober pflückreif, genussreif von Dezember bis Ende April/ Anfang Mai.','Das gelblichweiße bis weiße Fruchtfleisch ist etwas grob bis halbfein, es schmeckt leicht gewürzt und mehr süß als säuerlich. Der Geruch, der von der Frucht ausgeht ist kräftig.','Die Sorte kann als Wirtschaftsapfel, Tafelapfel und für die Herstellung von Fruchtsaft und Brand genutzt werden. Auch als Bratapfel ist dieser Apfel vorzüglich.','Die Sorte ist von Dezember bis März, bei geeigneter Lagerung bis Mai genussreif.','Diese sehr alte Sorte wird traditionell in Süddeutschland und der Schweiz angebaut.'),(26,1,'Apfel','Roter Eiserapfel','Roter Krieger, Schornsteinfeger, Zigeunerapfel, Drei Jahre dauernder Streifling, Doppelter Paradiesapfel, Herzapfel, Mohrenstettiner','Die Herkunft dieses alten Kulturapfels ist unbekannt, sicher wurde er in der Bamberger und Nürnberger Gegend um 1600 angebaut.','Mit einem kräftigen, gesunden Wuchs kann dieser Baum 4- 8m hoch wachsen.','Die Früchte sind mittelgroß bis groß und kegelförmig. Die Schale ist glatt und dunkelgrün, später etwas heller werdend. Die Sonnenseite ist kräftig gerötet.','Im Oktober sind die Früchte pflückreif, von Dezember bis in den Sommer hinein genussreif.','Das grünlichgelbe Fruchtfleisch schmeckt  süß und ein wenig sauer und ist dezent gewürzt.','Die Sorte kann zum Kochen, Backen, Einmachen und Entsaften verwendet werden. Außerdem gehören sie zu den typischen „Krampusäpfeln“, die zu Nikolaus (6./7. Dezember) verschenkt werden.','Genussreif von Oktober bis Juli. Die Äpfel können  unter guten Bdingungen sogar über ein Jahr gelagert werden: on obstreichen Jahren wurde sie früher in Erdmieten bis ins übernächste Jahr aufbewahrt.','Bis in die 1950er Jahre war dieser Apfel in Europa weit verbreitet -  heute ist der Apfel leider nur noch bei Hobbygärtnern beliebt.'),(27,1,'Apfel','Ruhm aus Kirchwerder','Johannsens Roter Herbstapfel, Ruhm von Kirchwärder','Diese Sorte ist ein Zufallssämling kategorisiert der vermutlich aus Kirchwerder in der Nähe von Hamburg stammt.','Dieser Baum hat einen starken, kugelförmigen Wuchs und kann bis zu 8m hoch wachsen.','Der Apfel wird mittelgroß und hat eine runde, meist regelmäßige, abgeflachte Form. Er hat eine grün-gelbe Grundfarbe, die (meist) von einer intensiv roten, streifigen Deckfarbe überdeckt wird.','Der Apfel wird ab September pflückreif, die Genußreife dauert bis Ende Oktober/Anfang November.','Der Apfel hat ein weißes, saftiges Fruchtfleisch mit einem erfrischenden, aromatischen Geschmack.','Ein Tafelapfel kann aus dem Garten gegessen werden. Die gepflückten Äpfel werden gerne zu sortenreinem Apfelsaft gepresst. Im Haushalt können sie zu Pfannkuchen gebacken oder zu Mus verarbeitet werden.','Bis Anfang November sind diese Früchte gut haltbar.','Heute leider nur noch in Norddeutschland als Liebhabersorte angebaut.'),(28,1,'Apfel','Landsberger Renette','Landsberger Apfel, Landsberger','Diese Sorte stammt aus Landsberg an der Warthe (heutiges Polen), wo sie um 1850 als Sämling einer anderen Renetten-Art gezogen wurde.','Durch einen mittelstark-starken Wuchs kann der Baum bis zu 6m hoch wachsen.','Äpfel der Sorte Landsberger Renette sind mittelgroß bis groß. Ihre feine, glatte Schale ist zunächst gelbgrün, später blassgelb bis strohgelb mit sehr kleinen bräunlichen Punkten und nur auf der Sonnenseite sanft gerötet.','Ende September bis Mitte Oktober pflückreif, genussreif Oktober bis Januar','Das feste Fruchtfleisch ist gelblich-weiß und saftig. Landsberger Renette hat einen angenehmen „süßweinigten“ Geschmack.','Dieser Apfel eignet sich als guter Tafel- und sehr guter Wirtschaftsapfel. ','Bis Januar lagerbar.','Traditionell in Deutschland besonders in Höhenlagen angebaut, in Polen noch mehr verbreitet.'),(29,1,'Apfel','Berner Rosenapfel','Neuer Berner Rosenapfel','Diese Apfelsorte wurde im Kanton Bern (Schweiz) um 1865 als Zufallssämling im Wald gefunden. ','Zuerst einen starken Wuchs, der später nachlassend ist, wird bis zu 6m hoch.','Die Frucht ist unregelmäßig groß und zumeist abgestumpft eiförmig bis rundlich. Die glänzende Schale ist leicht fettig und erstrahlt in einem leuchtenden Rot. Sonnenseits ist diese Färbung dunkler, schattenseits heller.','Pflückreif Ende September und bis Januar/ Februar genussreif','Das Fruchtfleisch ist gelblichweiß und teilweise leicht gerötet. Bei Genuss enfaltet sich eine angenehme als süßweinig zu beschreibende Würze. Das Fleisch selber ist mürbe und saftig.','Sein guter Geschmack und die prächtige Färbung machen ihn zu einem Tafel- und Marktapfel ersten Ranges, ergibt einen hervorragend schmeckenden Saft.','Die Sorte ist von Ende September - Februar lagerbar.','Traditionell in Deutschland und der Schweiz verbreitet.'),(30,1,'Apfel','Biesterfelder Renette','Biesterfelder Goldrenette','Die Sorte wurde 1850 als Zufallssämling auf Schloss Biesterfeld (im Kreise Lippe, Westfalen) gefunden.','Der Baum ist im Wuchs kräftig und starkwüchsig und kann bis zu 8m hoch wachsen!','Die Früchte des Apfels sind mittelgroß bis groß. Die grüne Grundfarbe verändert sich bei längerer Lagerung in ein sattes Gelb mit sonnenseitig intensiv leuchtend kirschroten verwaschen wirkenden Streifen. ','Pflückreif ab ab Mitte bis Ende September, genussreif bis Dezember.','Das Fruchtfleisch ist gelblich und sehr saftig, mürbe und schmackhaft. Es erinnert stark an den Gravensteiner, duftet und ist im Geschmack angenehm süßweinig und fein würzig.','Die Biesterfelder Renette ist aufgrund Ihres äußeren Erscheinungsbildes, sowie Ihrer guten Qualität beliebt und wird als Tafel- und Backapfel genutzt. ','Bis Dezember ist diese Sorte lagerbar. ','Diese Sorte wird  in Deutschland und Österreich als Liebhabersorte angepflanzt.'),(31,1,'Apfel','Freiherr von Berlepsch','Goldrenette Freiherr von Berlepsch, Berlepsch','Der Apfel wurde 1880 von Diedrich Uhlhorn junior in Düsseldorf aus den Sorten Ananasrenette und Ribston Pepping gezüchtet und nach dem damaligen Düsseldorfer Regierungspräsidenten benannt.','Mit einem  mittelstark-stark Wuchs kann der Baum bis zu 4-8m hoch wachsen.','Flachrund , regelmäßig geformter, mittelgroßer Apfel. Die Schale des Apfels ist grünlich gefärbt und glatt. Während der Reife verfärbt sich der Apfel und die Schale mit gelber Grundfarbe brkommt eine braunrote Deckfarbe, die chrakteristisch gestreift oder marmoriert ist.','Pflückreif ab ab Ende September bis Mitte Oktober, genussreif Oktober bis Ende März.','Das feste Fruchtfleisch ist bis in das Frühjahr herein sehr saftreich und ergiebig. Wird der Apfel verzehrt entfaltet er ein fein gewürztes, süßsäuerliches Aroma.','Diese alte Apfelsorte zählt zu den edelsten Tafeläpfeln und ist durch ihr Aroma einzigartig. ','Bis März ist diese Sorte lagerbar. ','Traditionell in Deutschlad weit verbreitet.'),(32,1,'Pflaume','Haus-zwetsche','Bauernpflaume, Quetsche de Lorraine, Basler Zwetsche','Die Hauszwetsche soll Anfang des 17. Jahrhunderts im Münsterland aufgefunden worden sein - und fand dort rasch Anklang! ','Mit einem mittelstarken Wuchs kann dieser Pflaumenbaum bis zu 6m hoch wachsen.','Die eiförmige Frucht ist mittelgroß. Am Baum ist die Hauszwetsche dunkelviolett gekleidet und hellblau bereift. Die Schale ist mit kleinen hellen Punkten verziert.','Abhängig vom Anbaugebiet kann der Zwetschenbaum teilweise bereits Anfang September, in kälteren Gebieten auch erst Ende Oktober gepflückt werden.','Diese Furcht hat ein festes, orangegelbes Fruchtfleisch und löst sich gut vom Stein. Hat einenhervorragenden süßsäuerlichen, fein gewürzten und sehr aromatischen Geschmack','Durch eine unglaublich ausgeprägte Ernte lässt sich diese Frucht in vielfältiger Art verarbeiten: Mus, Kompott, Saft oder als Kuchenbelag, der süß, aromatische Geschmack der Früchte begeistert.','Diese Zwetschge ist von Mitte September - Mitte Oktober lagerbar.','Dieser Baum zählt heute in Mittel- und Osteuropa sowie auf dem Balkan zu den am meisten angebauten Obstsorten.'),(33,2,'Pflaume','Nancy Mirabelle','Mirabelle aus Nancy, Nancy Mirabelle, Glänzende gelbe Mirabelle, Goldfarbige Pflaume, Große Mirabelle','Diese Sorte stammt vermutlich aus Asien und ist seit 1490 in Frankreich bekannt.','Sorte hat eine breitkronigen, mittelstarken Wuchs und der Baum kann bis zu 6m hoch wachsen.','Die Früchte haben eine rundlich-ovale Form. Ihre feste Schale ist hellgelb, auf der Sonnenseite hin rötlich-violett gefärbt.','Pflückreif Mitte August bis Anfang September','Die Mirabelle von Nancy schmeckt sehr süß uds hat ein festes, mäßig saftiges Fruchtfleisch.','Durch ihren außerordentlich süßen Geschmack eignet sich die Frucht sehr gut für den Frischverzeht, zum Einkochen, Backen und für die Brennerei.','Ca. 2 Wochen nach dem Pflücken lagerbar.','Traditionell in Asien und Europa stark verbreitet.'),(34,3,'Quitte','Konstantino-peler Apfelquitte','Konstantinopeler Quitte, Konstantinopeler','Sie stammt vermutlich aus dem Kaukasusgebiet und ist seit Jahrhunderten in unseren Breiten in Kultur.','Der Wuchs ist mittelstark. Diese Sorte kann eine Höhe von bis zu 4m erreichen.','Die Früchte der ‘Konstantinopeler Quitte’ sind mittelgroß und werden etwa 250 g schwer. Ihre Form ist nicht immer apfelförmig, sonndern kann recht unterschiedlich ausfallen. Die Schale ist hellgelb bis goldgelb.','Pflückreif ab Anfang Oktober, genussreif mehrere Wochen später.','Direkt vom Baum ist die Apfelquitte säuerlich im Geschmack und hat einen intensiven, typischen Apfelduft. ','Vielseitig zu verarbeiten: sehr gut für  Marmelade, Gelee, Mus, Saft und Likörherstellung, auch für Quittenbrot und Quttenhonig gut geeignet.','Lagerfähig von Oktober - Dezember behält diese Frucht lange ihren ursprünglichen Geschmack.','Durch ihre vielseitige Verwendungs-möglichkeit ist die Apfelquitte eine der häufigeren Quittensorten in Mitteleuropa.'),(35,3,'Quitte','Astheimer Perlquitte','Goldene Astheimer Perlquitte','Die Astheimer Perlquitte ist eine Lokalsorte, die ihren Ursprung in der fränkischen Mainschleife hat.','Mit einem mittleren Busch kann dieser Baum bis zu 4m erreichen.','Mit einer kleinen bis mittelgroßen Frucht mit goldgelber Schale. Früchte hängen an für Quittengehöze ungewöhnlich langen Fruchtspießen.','Pflückreif ab Mitte September, genussreif mehrere Wochen später. Man kann Sie auch bis zur Vollreife am Baum hängen lassen, da die Früchte an den langen Fruchtspießen auch bei stärkeren Herbstwinden mitschwingen ohne abzufallen.','Die Früchte sind hocharomatisch und intensiv duftend und haben ein weiches Fruchtfleisch.','Vielseitig zu verarbeiten, Sorte mit besonders hohem Pektingehalt: sehr gut für  Marmelade, Gelee, Mus, Saft und Likörherstellung, auch für Quittenbrot und Quttenhonig gut geeignet. Diese Sorte ist auch gut zur Herstellung von Wuittenwein geeignet.','Nur bedingt lagerfähig, sollte diese diese Quitte schnell verarbeitet oder verzehrt werden.','Diese regionale Sorte ist sehr selten.'),(36,3,'Quitte','Vranja Birnenquitte','Vranja, Birnenquitte Vranja, Riesenquitte von Vranja','1898 in Vranja, Serbien von einem Zücher Namens Nenadovic gezogen','Mit einem mittelstark bis starkem Wuchs, kann diese Sorte eine Höhe von bis zu 6m erreichen.','Die Früchte sind groß bis sehr groß: Eine Frucht wiegt 300 bis 550 Gramm und kann manchmal sogar bis zu einem Kilogramm schwer sein. Die Früchte sind birnenförmig und wirkt leicht kantig. Ihre Schale ist zitronengelb, hart und und mit einem dichten schützenden Wollflaum besetzt. ','Erntereif Anfang bis Mitte Oktober, genussreif Ende Oktober bis Dezember','Das Fruchtfleisch hat eine hellgelbe Farbe und einen  typischen, angenehm süßsäuerlichen Quittengeschmack. Die reifen Früchte haben einen außergewöhnlich angenehmen Duft.','Aus den reifen Früchte lassen sich leckere Gelees, Marmeladen, Säfte und Liköre bereiten.','Lagerfähig bis Ende November/ Dezember.','Wie alle Quitten in Deutschland selten gewordene Sorte.'),(37,3,'Quitte','Wudonia Apfelquitte','Wudonia','Obwohl diese Frucht seit 1970 im Handel ist, ist ihre Herkunft unbekannt.','Die endgültige Wuchshöhe dieser Sorte beträgt 3 - 4m. ','Die Früchte gelten als groß, unregelmäßig und kantig apfelrund. Die Schale ist Schale mattgelb und eicht flaumig.','Pflückreif Mitte Oktober und genussreif direkt nach der Ernte bis Januar','Das Fleisch dieser Quitte ist fest, schön säuerlich, und leicht aromatisch; muss zum Verzehr verarbeitet werden.','Diese Apfelquitte lässt sich vielerlei verarbeiten: Saft, Einmachfrucht, Gelee, Konfitüre und Sirup sind beliebte Endprodukte.','Lagerfähig bis Januar.','Dieser Baum war eine weitverbreitete Sorte in der DDR und ist heute noch eine der häufigeren Quittensorten in Deutschland.'),(38,4,'Birne','Clapps Liebling','Clapp’s Favourite, Clapps Lieblingsbirne','Eine alte Birnensorte,  ca. 1860 in Dorchester (USA) von Thaddäus Clapp als Zufallssämling gezogen.','Dieser schnellwüchsige Baum kann eine Endhöhe von bis zu 5m erreichen.','Die Früchte sind mittelgroß bis groß, besitzen eine gleichmäßige Form mit einer hellen, gelblichgrünen, sonnenseits gelblichroten Schale.','Pflückreif Mitte bis Ende August,  sie sollten hartreif geerntet werden. Genußreif sind die Birnen etwa 8 Tage nach dem Pflücken ab Ende August bis Anfang September.','Die gelb-roten Früchte haben einen feinsäuerlichen, aromatischen Geschmack und ein saftreiches Fruchtfleisch.','Diese Birne eignet sich als Tafelbirne, jedoch auch zur Weiterverarbeitung fur Süßspeisen, da sie sehr süß und saftig ist. ','Gute Lager- und Transportfähigkeit bis Ende September.','Diese Sorte ist durch ihre frühe Reife im gewerblichen Obstanbau in Europa immer noch beliebt.'),(39,5,'Birne','Williams Christ','Williams Christbirne, Bon-Chrétien Williams, Bartlett, Poir de Angleterre, Delavault','Sehr alte Sorte - die ältesten Nachweise der Birnensorte Williams Christ finden sich in England um 1770.','Der Baum wächst mittelstark und kann bis zu 8-10m hoch wachsen.','Die Früchte sind glockenförmig bis unregelmäßig geformt. Die Schale ist anfangs grünlich und wird später goldgelb. Sonnenseits ist sie rötlich überhaucht.','Die Erntezeit der Birne beginnt ab Mitte August und dauert bis Anfang September.','Das Fruchtfleisch der \'Williams Christbirne\' ist gelblich-weiß, saftig, schmelzend und süß. Das Aroma istsehr angenehm und kräftig.','Die köstlichen Birnen sind für den Frischverzehr bestens geeignet, aber lassen sich auch für Kompott, Obstbrand oder Konserven verarbeiten. Als Frucht für die Herstellung von Williams-Birnenwasser berühmt und geschätzt.','Diese Früchte halten sich nach der Ernte bis zu zwei Wochen frisch.','Traditionell in Europa, insbesonderer in Belgien und England, sowie in Nord- und Südamerika verbreitet.'),(40,6,'Birne','Gute Graue','Beurre gris, Graue Sommerbutterbirne, Graubirne, Grisbirne, Schöne Gabriele, Sommer-Ambrette, Honigbirne, Weinbirne','Eine sehr alte Sorte die schon vor 300 bekannt war, wahrscheinlich aus Frankreich stammend. In Deutschland seit dem 18. Jahrhundert verbreitet.','Die Große Graue wächst sehr stark und kann 8-10m hoch werden.','Die Frucht ist klein bis mittelgroß, die Schale ist hart und rau. Die Grundfarbe ist zuerst grün, später gelblichgrün, zur Reifezeit fast vollständig zimtbraun berostet.','Die frühe Herbstsorte kann von Ende August bis Mitte September geerntet werden; die Früchte hängen fest am Baum.','Das Fruchtfleisch ist mattweiß bis gelblich weiß, saftreich schmelzend, zum Kernhaus hin etwas körnig, säuerlich-süß, sehr angenehm zimtartig gewürzt und duftend.','Sie ist ein köstliches Naschobst und ist hervorragend als Tafelbirne geeignet - Die wunderbaren Früchte finden vielfältige Verwendung für die Herstellung von Marmelade, Kompott oder für den Kuchenbelag. ','Da diese Sorte nur wenig nachreift, sollte sie nur wenige Wochen gelagert werden.','Diese Sorte kann ungewöhnlich alt werden und ist in Frankreich und Deutschland verbreitet.'),(41,7,'Birne','Conference','Konferenzbirne','Diese Birnensorte wurde 1894 vom englischen Züchter Thomas Francis Rivers gezogen.','Die endgültige Wuchshöhe dieser Sorte beträgt 4 - 8m. ','Diese Sorte hat eine mittelgroße, schlanke Frucht mit langem Hals. Ihre Schale ist fest, grün und angerauht. Bei Reife der Frucht wird das grünlichgelbe Äußere von braunen Rostpunken überzogen','Pflückreif sind die Früchte ab Mitte September, genussreif dann ab Oktober.','Das Fruchtfleisch ist hell lachsfarben und sehr saftig. Der Geschmack ist leicht würzig und erfrischend süßsäuerlich.','Eine hervoragende Tafel- und Wirtschaftsbirne, die sich durch ihr harmonisches Zucker-Säure-Verhältnis mit zarter Würze auszeichnet.','Die Früchte lassen sich von September - Oktober lagern. Wenn Sie früh gepflückt werden lassen Sie sich auch länger bis Dezember lagern, da sie im Lager langsam nachreifen.','Diese Baumsorte ist auch heute in England und Deutschland verbreitet.'),(42,8,'Birne','Gräfin von Paris','Comtesse de Paris','Diese Birnensorte wurde 1882 vom französischen Züchter William Fourcine gezogen und der Comtesse de Paris gewidmet.','Mit einem mittelstarken Wuchs kann dieser Baum eine Höhe von bis zu 4-8m erreichen.','Eine der wertvollsten Winterbirnen: große längliche Früchte mit einer grünen bis weißlichgrünen Schale, die bei guten Anbaubedingungen gelb ist und eine zimtbraune Berostung aufweisen.','Pflückreif nicht vor Ende Oktober, oft erst im November. Genussreife ab Dezember.','Das saftige Fruchtfleisch ist gelblich, schmelzend und schmeckt süß und leicht gewürzt.','Eine der wenigen Birnensorten die auch vom Lager noch sehr gut schmecken. Lässt sich auch sehr gut zum Brennen verwendet. ','Lagerfähig bis Januar.','Ursprünglich nur in Frankreich verbreitet. Traditionell auf Streuobstwiesen in Mitteleuropa gepflanzt.');
/*!40000 ALTER TABLE `obstsorten` ENABLE KEYS */;
UNLOCK TABLES;

--
-- Table structure for table `pflanzliste`
--

DROP TABLE IF EXISTS `pflanzliste`;
/*!40101 SET @saved_cs_client     = @@character_set_client */;
/*!40101 SET character_set_client = utf8 */;
CREATE TABLE `pflanzliste` (
  `BaumNr` int(10) NOT NULL,
  `Pflanzreihe` int(10) DEFAULT NULL,
  `PflanzreihePosition` int(10) DEFAULT NULL,
  `BaumID` int(10) DEFAULT NULL,
  `BaumsortenID` int(10) DEFAULT NULL,
  `FruchtID` int(10) DEFAULT NULL,
  `Frucht` varchar(100) DEFAULT NULL,
  `SortenID` int(10) DEFAULT NULL,
  `Sorte` varchar(100) DEFAULT NULL,
  `Sortenzaehler` int(10) DEFAULT NULL,
  `Ernte` float DEFAULT NULL,
  `PatenID` int(10) DEFAULT NULL,
  `Latitude` double DEFAULT NULL,
  `Longitude` double DEFAULT NULL,
  PRIMARY KEY (`BaumNr`)
) ENGINE=InnoDB DEFAULT CHARSET=latin1;
/*!40101 SET character_set_client = @saved_cs_client */;

--
-- Dumping data for table `pflanzliste`
--

LOCK TABLES `pflanzliste` WRITE;
/*!40000 ALTER TABLE `pflanzliste` DISABLE KEYS */;
INSERT INTO `pflanzliste` VALUES (1,1,1,101,10108,1,'Apfel',8,'Klarapfel',1,7.5,0,13.265684,52.871298),(2,1,2,102,10208,1,'Apfel',8,'Klarapfel',2,7.5,0,13.26579,52.871236),(3,1,3,103,10308,1,'Apfel',8,'Klarapfel',3,7.5,0,13.26589661,52.87117268),(4,1,4,104,10408,1,'Apfel',8,'Klarapfel',4,7.5,0,13.26600282,52.87110986),(5,1,5,105,10508,1,'Apfel',8,'Klarapfel',5,7.5,0,13.26610904,52.87104704),(6,1,6,106,10608,1,'Apfel',8,'Klarapfel',6,7.5,0,13.26621526,52.87098422),(7,1,7,107,10708,1,'Apfel',8,'Klarapfel',7,7.5,0,13.26632148,52.8709213),(8,1,8,108,10808,1,'Apfel',8,'Klarapfel',8,7.5,0,13.2664277,52.87085848),(9,1,9,109,10908,1,'Apfel',8,'Klarapfel',9,7.5,0,13.26653391,52.87079566),(10,1,10,110,11008,1,'Apfel',8,'Klarapfel',10,7.5,0,13.26664013,52.87073284),(11,1,11,111,11120,1,'Apfel',20,'Jacob Lebel',1,9.5,0,13.26674635,52.87067001),(12,1,12,112,11220,1,'Apfel',20,'Jacob Lebel',2,9.5,0,13.26685256,52.87060719),(13,1,13,113,11320,1,'Apfel',20,'Jacob Lebel',3,9.5,47,13.26695878,52.87054437),(14,1,14,114,11420,1,'Apfel',20,'Jacob Lebel',4,9.5,0,13.26706499,52.87048154),(15,1,15,115,11520,1,'Apfel',20,'Jacob Lebel',5,9.5,0,13.26717121,52.87041872),(16,1,16,116,11623,1,'Apfel',23,'Prinz Albrecht von Preussen',1,9.8,0,13.26727742,52.8703559),(17,1,17,117,11723,1,'Apfel',23,'Prinz Albrecht von Preussen',2,9.8,0,13.26738364,52.87029307),(18,1,18,118,11823,1,'Apfel',23,'Prinz Albrecht von Preussen',3,9.8,0,13.26748985,52.87023025),(19,1,19,119,11923,1,'Apfel',23,'Prinz Albrecht von Preussen',4,9.8,0,13.26759606,52.87016743),(20,1,20,120,12023,1,'Apfel',23,'Prinz Albrecht von Preussen',5,9.8,0,13.26770228,52.8701046),(21,1,21,121,12115,1,'Apfel',15,'Hasenkopf',1,10,48,13.26780849,52.87004178),(22,1,22,122,12215,1,'Apfel',15,'Hasenkopf',2,10,0,13.2679147,52.86997895),(23,1,23,123,12315,1,'Apfel',15,'Hasenkopf',3,10,0,13.26802092,52.86991604),(24,1,24,124,12415,1,'Apfel',15,'Hasenkopf',4,10,0,13.26812713,52.86985321),(25,1,25,125,12515,1,'Apfel',15,'Hasenkopf',5,10,0,13.26823334,52.86979039),(26,2,1,201,20108,1,'Apfel',8,'Klarapfel',11,7.5,0,13.26554101,52.87127403),(27,2,2,202,20208,1,'Apfel',8,'Klarapfel',12,7.5,0,13.26564723,52.87121121),(28,2,3,203,20308,1,'Apfel',8,'Klarapfel',13,7.5,0,13.26575345,52.87114839),(29,2,4,204,20408,1,'Apfel',8,'Klarapfel',14,7.5,0,13.26585967,52.87108556),(30,2,5,205,20508,1,'Apfel',8,'Klarapfel',15,7.5,0,13.26596603,52.87102274),(31,2,6,206,20608,1,'Apfel',8,'Klarapfel',16,7.5,47,13.26607225,52.87095992),(32,2,7,207,20708,1,'Apfel',8,'Klarapfel',17,7.5,0,13.26617847,52.8708971),(33,2,8,208,20808,1,'Apfel',8,'Klarapfel',18,7.5,0,13.26628468,52.87083428),(34,2,9,209,20908,1,'Apfel',8,'Klarapfel',19,7.5,0,13.2663909,52.87077145),(35,2,10,210,21008,1,'Apfel',8,'Klarapfel',20,7.5,0,13.26649712,52.87070863),(36,2,11,211,21120,1,'Apfel',20,'Jacob Lebel',6,9.5,22,13.26660333,52.87064581),(37,2,12,212,21220,1,'Apfel',20,'Jacob Lebel',7,9.5,0,13.26670955,52.87058299),(38,2,13,213,21320,1,'Apfel',20,'Jacob Lebel',8,9.5,0,13.26681577,52.87052016),(39,2,14,214,21420,1,'Apfel',20,'Jacob Lebel',9,9.5,0,13.26692198,52.87045734),(40,2,15,215,21520,1,'Apfel',20,'Jacob Lebel',10,9.5,0,13.2670282,52.87039443),(41,2,16,216,21623,1,'Apfel',23,'Prinz Albrecht von Preussen',6,9.8,0,13.26713441,52.8703316),(42,2,17,217,21723,1,'Apfel',23,'Prinz Albrecht von Preussen',7,9.8,0,13.26724063,52.87026878),(43,2,18,218,21823,1,'Apfel',23,'Prinz Albrecht von Preussen',8,9.8,0,13.26734684,52.87020595),(44,2,19,219,21923,1,'Apfel',23,'Prinz Albrecht von Preussen',9,9.8,0,13.26745306,52.87014313),(45,2,20,220,22023,1,'Apfel',23,'Prinz Albrecht von Preussen',10,9.8,0,13.26755927,52.87008031),(46,2,21,221,22115,1,'Apfel',15,'Hasenkopf',6,10,0,13.26766548,52.87001748),(47,2,22,222,22215,1,'Apfel',15,'Hasenkopf',7,10,0,13.26777169,52.86995466),(48,2,23,223,22315,1,'Apfel',15,'Hasenkopf',8,10,0,13.26787791,52.86989184),(49,2,24,224,22415,1,'Apfel',15,'Hasenkopf',9,10,0,13.26798412,52.86982901),(50,2,25,225,22515,1,'Apfel',15,'Hasenkopf',10,10,0,13.26809033,52.86976619),(51,2,26,226,22604,1,'Apfel',4,'Seestermüher Zitronenapfel',1,8.8,0,13.26819654,52.86970336),(52,3,1,301,30104,1,'Apfel',4,'Gravensteiner',1,8.8,0,13.26550422,52.871187),(53,3,2,302,30204,1,'Apfel',4,'Gravensteiner',2,8.8,0,13.26561044,52.87112418),(54,3,3,303,30304,1,'Apfel',4,'Gravensteiner',3,8.8,0,13.26571665,52.87106136),(55,3,4,304,30404,1,'Apfel',4,'Gravensteiner',4,8.8,0,13.26582287,52.87099854),(56,3,5,305,30504,1,'Apfel',4,'Gravensteiner',5,8.8,0,13.26592909,52.87093571),(57,3,6,306,30604,1,'Apfel',4,'Gravensteiner',6,8.8,0,13.26603531,52.87087289),(58,3,7,307,30704,1,'Apfel',4,'Gravensteiner',7,8.8,0,13.26614153,52.87080998),(59,3,8,308,30804,1,'Apfel',4,'Gravensteiner',8,8.8,0,13.26624774,52.87074716),(60,3,9,309,30904,1,'Apfel',4,'Gravensteiner',9,8.8,0,13.26635411,52.87068434),(61,3,10,310,31012,1,'Apfel',12,'Gravensteiner',10,9.8,0,13.26646033,52.87062151),(62,3,11,311,31112,1,'Apfel',12,'Rote Goldparmäne',11,9.8,0,13.26656654,52.87055869),(63,3,12,312,31212,1,'Apfel',12,'Rote Goldparmäne',12,9.8,30,13.26667276,52.87049587),(64,3,13,313,31312,1,'Apfel',12,'Rote Goldparmäne',13,9.8,0,13.26677897,52.87043304),(65,3,14,314,31412,1,'Apfel',12,'Rote Goldparmäne',14,9.8,0,13.26688519,52.87037022),(66,3,15,315,31527,1,'Apfel',27,'Rote Goldparmäne',15,9.8,0,13.2669914,52.8703074),(67,3,16,316,31627,1,'Apfel',27,'Ruhm aus Kirchwärder',1,9.8,19,13.26709762,52.87024457),(68,3,17,317,31727,1,'Apfel',27,'Ruhm aus Kirchwärder',2,9.8,0,13.26720383,52.87018175),(69,3,18,318,31827,1,'Apfel',27,'Ruhm aus Kirchwärder',3,9.8,0,13.26731005,52.87011893),(70,3,19,319,31927,1,'Apfel',27,'Ruhm aus Kirchwärder',4,9.8,0,13.26741626,52.8700561),(71,3,20,320,32024,1,'Apfel',24,'Ruhm aus Kirchwärder',5,10,0,13.26752247,52.86999328),(72,3,21,321,32124,1,'Apfel',24,'Seestermüher Zitronenapfel',2,10,0,13.26762868,52.86993046),(73,3,22,322,32224,1,'Apfel',24,'Seestermüher Zitronenapfel',3,10,0,13.2677349,52.86986754),(74,3,23,323,32324,1,'Apfel',24,'Seestermüher Zitronenapfel',4,10,0,13.26784111,52.86980472),(75,3,24,324,32424,1,'Apfel',24,'Seestermüher Zitronenapfel',5,10,0,13.26794733,52.86974189),(76,3,25,325,32524,1,'Apfel',24,'Seestermüher Zitronenapfel',6,10,0,13.26805354,52.86967907),(77,4,1,401,40104,1,'Apfel',4,'Gravensteiner',11,8.8,0,13.265361,52.871162),(78,4,2,402,40204,1,'Apfel',4,'Gravensteiner',12,8.8,0,13.265467,52.871099),(79,4,3,403,40304,1,'Apfel',4,'Gravensteiner',13,8.8,0,13.265573,52.871037),(80,4,4,404,40404,1,'Apfel',4,'Gravensteiner',14,8.8,0,13.265679,52.870974),(81,4,5,405,40504,1,'Apfel',4,'Gravensteiner',15,8.8,0,13.265786,52.870911),(82,4,6,406,40605,1,'Apfel',5,'Roter Gravensteiner',1,8.8,46,13.265892,52.870848),(83,4,7,407,40705,1,'Apfel',5,'Roter Gravensteiner',2,8.8,0,13.265998,52.870785),(84,4,8,408,40805,1,'Apfel',5,'Roter Gravensteiner',3,8.8,0,13.266104,52.870722),(85,4,9,409,40905,1,'Apfel',5,'Roter Gravensteiner',4,8.8,0,13.26621,52.87066),(86,4,10,410,41005,1,'Apfel',5,'Roter Gravensteiner',5,8.8,0,13.266317,52.870597),(87,4,11,411,41112,1,'Apfel',12,'Rote Goldparmäne',16,9.8,0,13.266423,52.870534),(88,4,12,412,41212,1,'Apfel',12,'Rote Goldparmäne',17,9.8,0,13.266529,52.870471),(89,4,13,413,41312,1,'Apfel',12,'Rote Goldparmäne',18,9.8,29,13.266635,52.870408),(90,4,14,414,41412,1,'Apfel',12,'Rote Goldparmäne',19,9.8,0,13.266742,52.870346),(91,4,15,415,41512,1,'Apfel',12,'Rote Goldparmäne',20,9.8,0,13.266848,52.870283),(92,4,16,416,41627,1,'Apfel',27,'Ruhm aus Kirchwärder',6,9.8,0,13.266954,52.87022),(93,4,17,417,41727,1,'Apfel',27,'Ruhm aus Kirchwärder',7,9.8,0,13.26706,52.870157),(94,4,18,418,41827,1,'Apfel',27,'Ruhm aus Kirchwärder',8,9.8,0,13.267167,52.870094),(95,4,19,419,41927,1,'Apfel',27,'Ruhm aus Kirchwärder',9,9.8,0,13.267273,52.870031),(96,4,20,420,42027,1,'Apfel',27,'Ruhm aus Kirchwärder',10,9.8,0,13.267379,52.869968),(97,4,21,421,42124,1,'Apfel',24,'Seestermüher Zitronenapfel',7,10,0,13.267485,52.869906),(98,4,22,422,42224,1,'Apfel',24,'Seestermüher Zitronenapfel',8,10,0,13.267591,52.869843),(99,4,23,423,42324,1,'Apfel',24,'Seestermüher Zitronenapfel',9,10,0,13.267698,52.86978),(100,4,24,424,42424,1,'Apfel',24,'Seestermüher Zitronenapfel',10,10,0,13.267804,52.869717),(101,4,25,425,42526,1,'Apfel',26,'Roter Eiserapfel',1,10,0,13.26791,52.869654),(102,4,26,426,42626,1,'Apfel',26,'Roter Eiserapfel',2,10,0,13.268016,52.869592),(103,5,1,501,50118,1,'Apfel',18,'Jakob Fischer',1,9.2,0,13.265218,52.871138),(104,5,2,502,50218,1,'Apfel',18,'Jakob Fischer',2,9.2,0,13.265324,52.871075),(105,5,3,503,50318,1,'Apfel',18,'Jakob Fischer',3,9.2,0,13.26543,52.871012),(106,5,4,504,50418,1,'Apfel',18,'Jakob Fischer',4,9.2,0,13.265536,52.87095),(107,5,5,505,50518,1,'Apfel',18,'Jakob Fischer',5,9.2,0,13.265643,52.870887),(108,5,6,506,50605,1,'Apfel',5,'Roter Gravensteiner',6,8.8,0,13.265749,52.870824),(109,5,7,507,50705,1,'Apfel',5,'Roter Gravensteiner',7,8.8,0,13.265855,52.870761),(110,5,8,508,50805,1,'Apfel',5,'Roter Gravensteiner',8,8.8,0,13.265961,52.870698),(111,5,9,509,50905,1,'Apfel',5,'Roter Gravensteiner',9,8.8,40,13.266067,52.870635),(112,5,10,510,51005,1,'Apfel',5,'Roter Gravensteiner',10,8.8,12,13.266174,52.870573),(113,5,11,511,51113,1,'Apfel',13,'Goldparmäne',1,9.8,0,13.26628,52.87051),(114,5,12,512,51213,1,'Apfel',13,'Goldparmäne',2,9.8,0,13.266386,52.870447),(115,5,13,513,51313,1,'Apfel',13,'Goldparmäne',3,9.8,11,13.266492,52.870384),(116,5,14,514,51413,1,'Apfel',13,'Goldparmäne',4,9.8,0,13.266599,52.870321),(117,5,15,515,51513,1,'Apfel',13,'Goldparmäne',5,9.8,0,13.266705,52.870258),(118,5,16,516,51629,1,'Apfel',29,'Berner Rosenapfel',1,9.8,0,13.266811,52.870196),(119,5,17,517,51729,1,'Apfel',29,'Berner Rosenapfel',2,9.8,0,13.266917,52.870133),(120,5,18,518,51829,1,'Apfel',29,'Berner Rosenapfel',3,9.8,0,13.267024,52.87007),(121,5,19,519,51929,1,'Apfel',29,'Berner Rosenapfel',4,9.8,0,13.26713,52.870007),(122,5,20,520,52029,1,'Apfel',29,'Berner Rosenapfel',5,9.8,10,13.267236,52.869944),(123,5,21,521,52126,1,'Apfel',26,'Roter Eiserapfel',3,10,2,13.267342,52.869881),(124,5,22,522,52226,1,'Apfel',26,'Roter Eiserapfel',4,10,0,13.267448,52.869819),(125,5,23,523,52326,1,'Apfel',26,'Roter Eiserapfel',5,10,0,13.267555,52.869756),(126,5,24,524,52426,1,'Apfel',26,'Roter Eiserapfel',6,10,0,13.267661,52.869693),(127,5,25,525,52526,1,'Apfel',26,'Roter Eiserapfel',7,10,0,13.267767,52.86963),(128,5,26,526,52626,1,'Apfel',26,'Roter Eiserapfel',8,10,0,13.267873,52.869567),(129,6,1,601,60118,1,'Apfel',18,'Jakob Fischer',6,9.2,0,13.265181,52.871051),(130,6,2,602,60218,1,'Apfel',18,'Jakob Fischer',7,9.2,0,13.265287,52.870988),(131,6,3,603,60318,1,'Apfel',18,'Jakob Fischer',8,9.2,0,13.265393,52.870925),(132,6,4,604,60418,1,'Apfel',18,'Jakob Fischer',9,9.2,0,13.2655,52.870862),(133,6,5,605,60518,1,'Apfel',18,'Jakob Fischer',10,9.2,0,13.265606,52.8708),(134,6,6,606,60609,1,'Apfel',9,'Cox Orange',1,9.5,3,13.265712,52.870737),(135,6,7,607,60709,1,'Apfel',9,'Cox Orange',2,9.5,0,13.265818,52.870674),(136,6,8,608,60809,1,'Apfel',9,'Cox Orange',3,9.5,0,13.265924,52.870611),(137,6,9,609,60909,1,'Apfel',9,'Cox Orange',4,9.5,0,13.266031,52.870548),(138,6,10,610,61009,1,'Apfel',9,'Cox Orange',5,9.5,0,13.266137,52.870485),(139,6,11,611,61113,1,'Apfel',13,'Goldparmäne',6,9.8,0,13.266243,52.870423),(140,6,12,612,61213,1,'Apfel',13,'Goldparmäne',7,9.8,0,13.266349,52.87036),(141,6,13,613,61313,1,'Apfel',13,'Goldparmäne',8,9.8,0,13.266456,52.870297),(142,6,14,614,61413,1,'Apfel',13,'Goldparmäne',9,9.8,0,13.266562,52.870234),(143,6,15,615,61513,1,'Apfel',13,'Goldparmäne',10,9.8,0,13.266668,52.870171),(144,6,16,616,61629,1,'Apfel',29,'Berner Rosenapfel',6,9.8,0,13.266774,52.870108),(145,6,17,617,61729,1,'Apfel',29,'Berner Rosenapfel',7,9.8,0,13.26688,52.870046),(146,6,18,618,61829,1,'Apfel',29,'Berner Rosenapfel',8,9.8,0,13.266987,52.869983),(147,6,19,619,61929,1,'Apfel',29,'Berner Rosenapfel',9,9.8,0,13.267093,52.86992),(148,6,20,620,62029,1,'Apfel',29,'Berner Rosenapfel',10,9.8,0,13.267199,52.869857),(149,6,21,621,62128,1,'Apfel',28,'Landsberger Renette',1,10,0,13.267305,52.869794),(150,6,22,622,62228,1,'Apfel',28,'Landsberger Renette',2,10,0,13.267412,52.869732),(151,6,23,623,62328,1,'Apfel',28,'Landsberger Renette',3,10,0,13.267518,52.869669),(152,6,24,624,62428,1,'Apfel',28,'Landsberger Renette',4,10,0,13.267624,52.869606),(153,6,25,625,62526,1,'Apfel',26,'Roter Eiserapfel',9,10,0,13.26773,52.869543),(154,6,26,626,62626,1,'Apfel',26,'Roter Eiserapfel',10,10,0,13.267836,52.86948),(155,7,1,701,70109,1,'Apfel',9,'Cox Orange',6,9.5,6,13.265038,52.871027),(156,7,2,702,70209,1,'Apfel',9,'Cox Orange',7,9.5,7,13.265144,52.870964),(157,7,3,703,70309,1,'Apfel',9,'Cox Orange',8,9.5,14,13.26525,52.870901),(158,7,4,704,70409,1,'Apfel',9,'Cox Orange',9,9.5,0,13.265357,52.870838),(159,7,5,705,70509,1,'Apfel',9,'Cox Orange',10,9.5,0,13.265463,52.870775),(160,7,6,706,70609,1,'Apfel',9,'Cox Orange',11,9.5,0,13.265569,52.870713),(161,7,7,707,70709,1,'Apfel',9,'Cox Orange',12,9.5,39,13.265675,52.87065),(162,7,8,708,70809,1,'Apfel',9,'Cox Orange',13,9.5,21,13.265781,52.870587),(163,7,9,709,70909,1,'Apfel',9,'Cox Orange',14,9.5,18,13.265888,52.870524),(164,7,10,710,71009,1,'Apfel',9,'Cox Orange',15,9.5,0,13.265994,52.870461),(165,7,11,711,71116,1,'Apfel',16,'Holsteiner Cox',1,9.8,0,13.2661,52.870398),(166,7,12,712,71216,1,'Apfel',16,'Holsteiner Cox',2,9.8,0,13.266206,52.870336),(167,7,13,713,71316,1,'Apfel',16,'Holsteiner Cox',3,9.8,0,13.266313,52.870273),(168,7,14,714,71416,1,'Apfel',16,'Holsteiner Cox',4,9.8,0,13.266419,52.87021),(169,7,15,715,71516,1,'Apfel',16,'Holsteiner Cox',5,9.8,0,13.266525,52.870147),(170,7,16,716,71630,1,'Apfel',30,'Biesterfelder Renette',1,9.8,0,13.266631,52.870084),(171,7,17,717,71730,1,'Apfel',30,'Biesterfelder Renette',2,9.8,0,13.266737,52.870021),(172,7,18,718,71830,1,'Apfel',30,'Biesterfelder Renette',3,9.8,0,13.266844,52.869959),(173,7,19,719,71930,1,'Apfel',30,'Biesterfelder Renette',4,9.8,0,13.26695,52.869896),(174,7,20,720,72030,1,'Apfel',30,'Biesterfelder Renette',5,9.8,0,13.267056,52.869833),(175,7,21,721,72128,1,'Apfel',28,'Landsberger Renette',5,10,0,13.267162,52.86977),(176,7,22,722,72228,1,'Apfel',28,'Landsberger Renette',6,10,0,13.267268,52.869707),(177,7,23,723,72328,1,'Apfel',28,'Landsberger Renette',7,10,0,13.267375,52.869644),(178,7,24,724,72428,1,'Apfel',28,'Landsberger Renette',8,10,0,13.267481,52.869582),(179,7,25,725,72528,1,'Apfel',28,'Landsberger Renette',9,10,0,13.267587,52.869519),(180,7,26,726,72628,1,'Apfel',28,'Landsberger Renette',10,10,0,13.267693,52.869456),(181,8,1,801,80114,1,'Apfel',14,'Grahams Jubiläumsapfel',1,9.5,24,13.265001,52.87094),(182,8,2,802,80214,1,'Apfel',14,'Grahams Jubiläumsapfel',2,9.5,0,13.265107,52.870877),(183,8,3,803,80314,1,'Apfel',14,'Grahams Jubiläumsapfel',3,9.5,0,13.265214,52.870814),(184,8,4,804,80414,1,'Apfel',14,'Grahams Jubiläumsapfel',4,9.5,0,13.26532,52.870751),(185,8,5,805,80514,1,'Apfel',14,'Grahams Jubiläumsapfel',5,9.5,0,13.265426,52.870688),(186,8,6,806,80614,1,'Apfel',14,'Grahams Jubiläumsapfel',6,9.5,0,13.265532,52.870625),(187,8,7,807,80714,1,'Apfel',14,'Grahams Jubiläumsapfel',7,9.5,0,13.265638,52.870563),(188,8,8,808,80814,1,'Apfel',14,'Grahams Jubiläumsapfel',8,9.5,0,13.265745,52.8705),(189,8,9,809,80914,1,'Apfel',14,'Grahams Jubiläumsapfel',9,9.5,0,13.265851,52.870437),(190,8,10,810,81014,1,'Apfel',14,'Grahams Jubiläumsapfel',10,9.5,0,13.265957,52.870374),(191,8,11,811,81116,1,'Apfel',16,'Holsteiner Cox',6,9.8,23,13.266063,52.870311),(192,8,12,812,81216,1,'Apfel',16,'Holsteiner Cox',7,9.8,0,13.266169,52.870249),(193,8,13,813,81316,1,'Apfel',16,'Holsteiner Cox',8,9.8,0,13.266276,52.870186),(194,8,14,814,81416,1,'Apfel',16,'Holsteiner Cox',9,9.8,17,13.266382,52.870123),(195,8,15,815,81516,1,'Apfel',16,'Holsteiner Cox',10,9.8,0,13.266488,52.87006),(196,8,16,816,81630,1,'Apfel',30,'Biesterfelder Renette',6,9.8,0,13.266594,52.869997),(197,8,17,817,81730,1,'Apfel',30,'Biesterfelder Renette',7,9.8,0,13.266701,52.869934),(198,8,18,818,81830,1,'Apfel',30,'Biesterfelder Renette',8,9.8,0,13.266807,52.869871),(199,8,19,819,81930,1,'Apfel',30,'Biesterfelder Renette',9,9.8,0,13.266913,52.869809),(200,8,20,820,82030,1,'Apfel',30,'Biesterfelder Renette',10,9.8,0,13.267019,52.869746),(201,8,21,821,82122,1,'Apfel',22,'Pommerscher Krummstiel',1,10.2,31,13.267125,52.869683),(202,8,22,822,82222,1,'Apfel',22,'Pommerscher Krummstiel',2,10.2,0,13.267232,52.86962),(203,8,23,823,82322,1,'Apfel',22,'Pommerscher Krummstiel',3,10.2,0,13.267338,52.869557),(204,8,24,824,82422,1,'Apfel',22,'Pommerscher Krummstiel',4,10.2,0,13.267444,52.869495),(205,8,25,825,82522,1,'Apfel',22,'Pommerscher Krummstiel',5,10.2,0,13.26755,52.869432),(206,8,26,826,82622,1,'Apfel',22,'Pommerscher Krummstiel',6,10.2,0,13.267656,52.869369),(207,9,1,901,90114,1,'Apfel',14,'Grahams Jubiläumsapfel',11,9.5,0,13.264858,52.870915),(208,9,2,902,90214,1,'Apfel',14,'Grahams Jubiläumsapfel',12,9.5,0,13.264964,52.870853),(209,9,3,903,90314,1,'Apfel',14,'Grahams Jubiläumsapfel',13,9.5,0,13.265071,52.87079),(210,9,4,904,90414,1,'Apfel',14,'Grahams Jubiläumsapfel',14,9.5,0,13.265177,52.870727),(211,9,5,905,90514,1,'Apfel',14,'Grahams Jubiläumsapfel',15,9.5,0,13.265283,52.870664),(212,9,6,906,90614,1,'Apfel',14,'Grahams Jubiläumsapfel',16,9.5,0,13.265389,52.870601),(213,9,7,907,90714,1,'Apfel',14,'Grahams Jubiläumsapfel',17,9.5,0,13.265495,52.870538),(214,9,8,908,90814,1,'Apfel',14,'Grahams Jubiläumsapfel',18,9.5,0,13.265602,52.870476),(215,9,9,909,90914,1,'Apfel',14,'Grahams Jubiläumsapfel',19,9.5,0,13.265708,52.870413),(216,9,10,910,91014,1,'Apfel',14,'Grahams Jubiläumsapfel',20,9.5,0,13.265814,52.87035),(217,9,11,911,91117,1,'Apfel',17,'Ingrid Marie',1,9.8,44,13.26592,52.870287),(218,9,12,912,91217,1,'Apfel',17,'Ingrid Marie',2,9.8,0,13.266026,52.870224),(219,9,13,913,91317,1,'Apfel',17,'Ingrid Marie',3,9.8,0,13.266133,52.870161),(220,9,14,914,91417,1,'Apfel',17,'Ingrid Marie',4,9.8,0,13.266239,52.870099),(221,9,15,915,91517,1,'Apfel',17,'Ingrid Marie',5,9.8,0,13.266345,52.870036),(222,9,16,916,91601,1,'Apfel',1,'Späte Graue Renette',1,10,0,13.266451,52.869973),(223,9,17,917,91701,1,'Apfel',1,'Späte Graue Renette',2,10,0,13.266558,52.86991),(224,9,18,918,91801,1,'Apfel',1,'Späte Graue Renette',3,10,43,13.266664,52.869847),(225,9,19,919,91901,1,'Apfel',1,'Späte Graue Renette',4,10,0,13.26677,52.869784),(226,9,20,920,92001,1,'Apfel',1,'Späte Graue Renette',5,10,0,13.266876,52.869722),(227,9,21,921,92122,1,'Apfel',22,'Pommerscher Krummstiel',7,10.2,0,13.266982,52.869659),(228,9,22,922,92222,1,'Apfel',22,'Pommerscher Krummstiel',8,10.2,0,13.267089,52.869596),(229,9,23,923,92322,1,'Apfel',22,'Pommerscher Krummstiel',9,10.2,0,13.267195,52.869533),(230,9,24,924,92422,1,'Apfel',22,'Pommerscher Krummstiel',10,10.2,0,13.267301,52.86947),(231,9,25,925,92502,1,'Apfel',2,'Roter Boskoop',1,10.5,0,13.267407,52.869407),(232,9,26,926,92602,1,'Apfel',2,'Roter Boskoop',2,10.5,0,13.267513,52.869345),(233,10,1,1001,100138,4,'Birne',38,'Clapps Liebling',1,8.8,9,13.264609,52.870954),(234,10,2,1002,100238,4,'Birne',38,'Clapps Liebling',2,8.8,0,13.264715,52.870891),(235,10,3,1003,100338,4,'Birne',38,'Clapps Liebling',3,8.8,0,13.264821,52.870828),(236,10,4,1004,100438,4,'Birne',38,'Clapps Liebling',4,8.8,0,13.264927,52.870765),(237,10,5,1005,100538,4,'Birne',38,'Clapps Liebling',5,8.8,0,13.265034,52.870703),(238,10,6,1006,100638,4,'Birne',38,'Clapps Liebling',6,8.8,0,13.26514,52.87064),(239,10,7,1007,100717,1,'Apfel',17,'Ingrid Marie',6,9.8,0,13.265246,52.870577),(240,10,8,1008,100817,1,'Apfel',17,'Ingrid Marie',7,9.8,0,13.265352,52.870514),(241,10,9,1009,100917,1,'Apfel',17,'Ingrid Marie',8,9.8,0,13.265459,52.870451),(242,10,10,1010,101017,1,'Apfel',17,'Ingrid Marie',9,9.8,0,13.265565,52.870388),(243,10,11,1011,101117,1,'Apfel',17,'Ingrid Marie',10,9.8,0,13.265671,52.870326),(244,10,12,1012,101201,1,'Apfel',1,'Späte Graue Renette',6,10,0,13.265777,52.870263),(245,10,13,1013,101301,1,'Apfel',1,'Späte Graue Renette',7,10,0,13.265883,52.8702),(246,10,14,1014,101401,1,'Apfel',1,'Späte Graue Renette',8,10,0,13.26599,52.870137),(247,10,15,1015,101501,1,'Apfel',1,'Späte Graue Renette',9,10,0,13.266096,52.870074),(248,10,16,1016,101601,1,'Apfel',1,'Späte Graue Renette',10,10,0,13.266202,52.870011),(249,10,17,1017,101701,1,'Apfel',1,'Späte Graue Renette',11,10,0,13.266308,52.869949),(250,10,18,1018,101801,1,'Apfel',1,'Späte Graue Renette',12,10,0,13.266415,52.869886),(251,10,19,1019,101901,1,'Apfel',1,'Späte Graue Renette',13,10,0,13.266521,52.869823),(252,10,20,1020,102001,1,'Apfel',1,'Späte Graue Renette',14,10,0,13.266627,52.86976),(253,10,21,1021,102101,1,'Apfel',1,'Späte Graue Renette',15,10,0,13.266733,52.869697),(254,10,22,1022,102201,1,'Apfel',1,'Späte Graue Renette',16,10,0,13.266839,52.869635),(255,10,23,1023,102302,1,'Apfel',2,'Roter Boskoop',3,10.5,0,13.266946,52.869572),(256,10,24,1024,102402,1,'Apfel',2,'Roter Boskoop',4,10.5,0,13.267052,52.869509),(257,10,25,1025,102502,1,'Apfel',2,'Roter Boskoop',5,10.5,0,13.267158,52.869446),(258,10,26,1026,102602,1,'Apfel',2,'Roter Boskoop',6,10.5,0,13.267264,52.869383),(259,10,27,1027,102702,1,'Apfel',2,'Roter Boskoop',7,10.5,0,13.26737,52.86932),(260,10,28,1028,102802,1,'Apfel',2,'Roter Boskoop',8,10.5,0,13.267477,52.869258),(261,11,1,1101,110138,4,'Birne',38,'Clapps Liebling',7,8.8,36,13.264466,52.87093),(262,11,2,1102,110238,4,'Birne',38,'Clapps Liebling',8,8.8,27,13.264572,52.870867),(263,11,3,1103,110338,4,'Birne',38,'Clapps Liebling',9,8.8,0,13.264678,52.870804),(264,11,4,1104,110438,4,'Birne',38,'Clapps Liebling',10,8.8,0,13.264784,52.870741),(265,11,5,1105,110539,4,'Birne',39,'Williams Christ',1,8.8,46,13.264891,52.870678),(266,11,6,1106,110639,4,'Birne',39,'Williams Christ',2,8.8,0,13.264997,52.870616),(267,11,7,1107,110739,4,'Birne',39,'Williams Christ',3,8.8,16,13.265103,52.870553),(268,11,8,1108,110833,2,'Pflaume',33,'Nancy Mirabelle',1,8.5,15,13.265209,52.87049),(269,11,9,1109,110933,2,'Pflaume',33,'Nancy Mirabelle',2,8.5,5,13.265315,52.870427),(270,11,10,1110,111006,1,'Apfel',6,'Gewürzluiken',1,10.5,0,13.265422,52.870364),(271,11,11,1111,111106,1,'Apfel',6,'Gewürzluiken',2,10.5,0,13.265528,52.870301),(272,11,12,1112,111206,1,'Apfel',6,'Gewürzluiken',3,10.5,0,13.265634,52.870239),(273,11,13,1113,111306,1,'Apfel',6,'Gewürzluiken',4,10.5,0,13.26574,52.870176),(274,11,14,1114,111406,1,'Apfel',6,'Gewürzluiken',5,10.5,0,13.265847,52.870113),(275,11,15,1115,111506,1,'Apfel',6,'Gewürzluiken',6,10.5,0,13.265953,52.87005),(276,11,16,1116,111606,1,'Apfel',6,'Gewürzluiken',7,10.5,0,13.266059,52.869987),(277,11,17,1117,111707,1,'Apfel',7,'Ontarioapfel',1,10.5,40,13.266165,52.869924),(278,11,18,1118,111807,1,'Apfel',7,'Ontarioapfel',2,10.5,0,13.266272,52.869862),(279,11,19,1119,111907,1,'Apfel',7,'Ontarioapfel',3,10.5,0,13.266378,52.869799),(280,11,20,1120,112007,1,'Apfel',7,'Ontarioapfel',4,10.5,0,13.266484,52.869736),(281,11,21,1121,112107,1,'Apfel',7,'Ontarioapfel',5,10.5,0,13.26659,52.869673),(282,11,22,1122,112207,1,'Apfel',7,'Ontarioapfel',6,10.5,0,13.266696,52.86961),(283,11,23,1123,112302,1,'Apfel',2,'Roter Boskoop',9,10.5,4,13.266803,52.869547),(284,11,24,1124,112402,1,'Apfel',2,'Roter Boskoop',10,10.5,25,13.266909,52.869485),(285,11,25,1125,112502,1,'Apfel',2,'Roter Boskoop',11,10.5,0,13.267015,52.869422),(286,11,26,1126,112602,1,'Apfel',2,'Roter Boskoop',12,10.5,0,13.267121,52.869359),(287,11,27,1127,112702,1,'Apfel',2,'Roter Boskoop',13,10.5,0,13.267227,52.869296),(288,11,28,1128,112802,1,'Apfel',2,'Roter Boskoop',14,10.5,0,13.267334,52.869233),(289,12,1,1201,120139,4,'Birne',39,'Williams Christ',4,8.8,0,13.264323,52.870905),(290,12,2,1202,120239,4,'Birne',39,'Williams Christ',5,8.8,0,13.264429,52.870843),(291,12,3,1203,120339,4,'Birne',39,'Williams Christ',6,8.8,0,13.264535,52.87078),(292,12,4,1204,120439,4,'Birne',39,'Williams Christ',7,8.8,0,13.264641,52.870717),(293,12,5,1205,120539,4,'Birne',39,'Williams Christ',8,8.8,0,13.264748,52.870654),(294,12,6,1206,120639,4,'Birne',39,'Williams Christ',9,8.8,0,13.264854,52.870591),(295,12,7,1207,120739,4,'Birne',39,'Williams Christ',10,8.8,0,13.26496,52.870528),(296,12,8,1208,120833,2,'Pflaume',33,'Nancy Mirabelle',3,8.5,0,13.265066,52.870466),(297,12,9,1209,120933,2,'Pflaume',33,'Nancy Mirabelle',4,8.5,0,13.265172,52.870403),(298,12,10,1210,121033,2,'Pflaume',33,'Nancy Mirabelle',5,8.5,0,13.265279,52.87034),(299,12,11,1211,121133,2,'Pflaume',33,'Nancy Mirabelle',6,8.5,0,13.265385,52.870277),(300,12,12,1212,121233,2,'Pflaume',33,'Nancy Mirabelle',7,8.5,0,13.265491,52.870214),(301,12,13,1213,121333,2,'Pflaume',33,'Nancy Mirabelle',8,8.5,0,13.265597,52.870152),(302,12,14,1214,121406,1,'Apfel',6,'Gewürzluiken',8,10.5,0,13.265704,52.870089),(303,12,15,1215,121506,1,'Apfel',6,'Gewürzluiken',9,10.5,0,13.26581,52.870026),(304,12,16,1216,121606,1,'Apfel',6,'Gewürzluiken',10,10.5,0,13.265916,52.869963),(305,12,17,1217,121707,1,'Apfel',7,'Ontarioapfel',7,10.5,0,13.266022,52.8699),(306,12,18,1218,121807,1,'Apfel',7,'Ontarioapfel',8,10.5,0,13.266129,52.869837),(307,12,19,1219,121907,1,'Apfel',7,'Ontarioapfel',9,10.5,0,13.266235,52.869774),(308,12,20,1220,122007,1,'Apfel',7,'Ontarioapfel',10,10.5,0,13.266341,52.869712),(309,12,21,1221,122107,1,'Apfel',7,'Ontarioapfel',11,10.5,0,13.266447,52.869649),(310,12,22,1222,122207,1,'Apfel',7,'Ontarioapfel',12,10.5,0,13.266553,52.869586),(311,12,23,1223,122303,1,'Apfel',3,'Schöner von Boskoop',1,10.5,0,13.26666,52.869523),(312,12,24,1224,122403,1,'Apfel',3,'Schöner von Boskoop',2,10.5,0,13.266766,52.86946),(313,12,25,1225,122503,1,'Apfel',3,'Schöner von Boskoop',3,10.5,0,13.266872,52.869398),(314,12,26,1226,122603,1,'Apfel',3,'Schöner von Boskoop',4,10.5,0,13.266978,52.869335),(315,12,27,1227,122703,1,'Apfel',3,'Schöner von Boskoop',5,10.5,0,13.267084,52.869272),(316,12,28,1228,122803,1,'Apfel',3,'Schöner von Boskoop',6,10.5,0,13.267191,52.869209),(317,12,29,1229,122902,1,'Apfel',2,'Roter Boskoop',15,10.5,0,13.267297,52.869146),(318,13,1,1301,130140,4,'Birne',40,'Gute Graue',1,9.2,0,13.26418,52.870881),(319,13,2,1302,130240,4,'Birne',40,'Gute Graue',2,9.2,0,13.264286,52.870818),(320,13,3,1303,130340,4,'Birne',40,'Gute Graue',3,9.2,0,13.264392,52.870756),(321,13,4,1304,130440,4,'Birne',40,'Gute Graue',4,9.2,0,13.264498,52.870693),(322,13,5,1305,130540,4,'Birne',40,'Gute Graue',5,9.2,0,13.264605,52.87063),(323,13,6,1306,130640,4,'Birne',40,'Gute Graue',6,9.2,0,13.264711,52.870567),(324,13,7,1307,130733,2,'Pflaume',33,'Nancy Mirabelle',9,8.5,0,13.264817,52.870504),(325,13,8,1308,130833,2,'Pflaume',33,'Nancy Mirabelle',10,8.5,33,13.264923,52.870441),(326,13,9,1309,130933,2,'Pflaume',33,'Nancy Mirabelle',11,8.5,0,13.265029,52.870379),(327,13,10,1310,131033,2,'Pflaume',33,'Nancy Mirabelle',12,8.5,0,13.265136,52.870316),(328,13,11,1311,131133,2,'Pflaume',33,'Nancy Mirabelle',13,8.5,0,13.265242,52.870253),(329,13,12,1312,131233,2,'Pflaume',33,'Nancy Mirabelle',14,8.5,0,13.265348,52.87019),(330,13,13,1313,131321,1,'Apfel',21,'Rheinischer Bohnapfel',1,10.8,37,13.265454,52.870127),(331,13,14,1314,131421,1,'Apfel',21,'Rheinischer Bohnapfel',2,10.8,0,13.265561,52.870064),(332,13,15,1315,131521,1,'Apfel',21,'Rheinischer Bohnapfel',3,10.8,0,13.265667,52.870002),(333,13,16,1316,131621,1,'Apfel',21,'Rheinischer Bohnapfel',4,10.8,0,13.265773,52.869939),(334,13,17,1317,131721,1,'Apfel',21,'Rheinischer Bohnapfel',5,10.8,0,13.265879,52.869876),(335,13,18,1318,131807,1,'Apfel',7,'Ontarioapfel',16,10.5,0,13.265985,52.869813),(336,13,19,1319,131907,1,'Apfel',7,'Ontarioapfel',17,10.5,0,13.266092,52.86975),(337,13,20,1320,132007,1,'Apfel',7,'Ontarioapfel',18,10.5,0,13.266198,52.869687),(338,13,21,1321,132107,1,'Apfel',7,'Ontarioapfel',19,10.5,0,13.266304,52.869625),(339,13,22,1322,132207,1,'Apfel',7,'Ontarioapfel',20,10.5,0,13.26641,52.869562),(340,13,23,1323,132303,1,'Apfel',3,'Schöner von Boskoop',7,10.5,0,13.266517,52.869499),(341,13,24,1324,132403,1,'Apfel',3,'Schöner von Boskoop',8,10.5,0,13.266623,52.869436),(342,13,25,1325,132503,1,'Apfel',3,'Schöner von Boskoop',9,10.5,0,13.266729,52.869373),(343,13,26,1326,132603,1,'Apfel',3,'Schöner von Boskoop',10,10.5,0,13.266835,52.86931),(344,13,27,1327,132703,1,'Apfel',3,'Schöner von Boskoop',11,10.5,0,13.266941,52.869248),(345,13,28,1328,132803,1,'Apfel',3,'Schöner von Boskoop',12,10.5,0,13.267048,52.869185),(346,13,29,1329,132903,1,'Apfel',3,'Schöner von Boskoop',13,10.5,0,13.267154,52.869122),(347,14,1,1401,140140,4,'Birne',40,'Gute Graue',7,9.2,0,13.26393,52.87092),(348,14,2,1402,140240,4,'Birne',40,'Gute Graue',8,9.2,0,13.264037,52.870857),(349,14,3,1403,140340,4,'Birne',40,'Gute Graue',9,9.2,0,13.264143,52.870794),(350,14,4,1404,140440,4,'Birne',40,'Gute Graue',10,9.2,0,13.264249,52.870731),(351,14,5,1405,140541,4,'Birne',41,'Conference',1,9.5,0,13.264355,52.870668),(352,14,6,1406,140641,4,'Birne',41,'Conference',2,9.5,0,13.264462,52.870606),(353,14,7,1407,140741,4,'Birne',41,'Conference',3,9.5,0,13.264568,52.870543),(354,14,8,1408,140833,2,'Pflaume',33,'Nancy Mirabelle',15,8.5,0,13.264674,52.87048),(355,14,9,1409,140932,2,'Pflaume',32,'Hauszwetsche',1,9,0,13.26478,52.870417),(356,14,10,1410,141032,2,'Pflaume',32,'Hauszwetsche',2,9,0,13.264886,52.870354),(357,14,11,1411,141132,2,'Pflaume',32,'Hauszwetsche',3,9,0,13.264993,52.870291),(358,14,12,1412,141232,2,'Pflaume',32,'Hauszwetsche',4,9,0,13.265099,52.870229),(359,14,13,1413,141334,3,'Quitte',34,'Konstantinopeler Apfelquitte',1,10,13,13.265205,52.870166),(360,14,14,1414,141434,3,'Quitte',34,'Konstantinopeler Apfelquitte',2,10,0,13.265311,52.870103),(361,14,15,1415,141534,3,'Quitte',34,'Konstantinopeler Apfelquitte',3,10,0,13.265418,52.87004),(362,14,16,1416,141634,3,'Quitte',34,'Konstantinopeler Apfelquitte',4,10,0,13.265524,52.869977),(363,14,17,1417,141734,3,'Quitte',34,'Konstantinopeler Apfelquitte',5,10,0,13.26563,52.869914),(364,14,18,1418,141834,3,'Quitte',34,'Konstantinopeler Apfelquitte',6,10,0,13.265736,52.869852),(365,14,19,1419,141934,3,'Quitte',34,'Konstantinopeler Apfelquitte',7,10,0,13.265842,52.869789),(366,14,20,1420,142034,3,'Quitte',34,'Konstantinopeler Apfelquitte',8,10,0,13.265949,52.869726),(367,14,21,1421,142134,3,'Quitte',34,'Konstantinopeler Apfelquitte',9,10,0,13.266055,52.869663),(368,14,22,1422,142207,1,'Apfel',7,'Ontarioapfel',13,10.5,0,13.266161,52.8696),(369,14,23,1423,142307,1,'Apfel',7,'Ontarioapfel',14,10.5,0,13.266267,52.869538),(370,14,24,1424,142407,1,'Apfel',7,'Ontarioapfel',15,10.5,0,13.266373,52.869475),(371,14,25,1425,142503,1,'Apfel',3,'Schöner von Boskoop',14,10.5,0,13.26648,52.869412),(372,14,26,1426,142603,1,'Apfel',3,'Schöner von Boskoop',15,10.5,0,13.266586,52.869349),(373,14,27,1427,142703,1,'Apfel',3,'Schöner von Boskoop',16,10.5,0,13.266692,52.869286),(374,14,28,1428,142803,1,'Apfel',3,'Schöner von Boskoop',17,10.5,0,13.266798,52.869223),(375,14,29,1429,142903,1,'Apfel',3,'Schöner von Boskoop',18,10.5,0,13.266905,52.869161),(376,14,30,1430,143003,1,'Apfel',3,'Schöner von Boskoop',19,10.5,0,13.267011,52.869098),(377,14,31,1431,143103,1,'Apfel',3,'Schöner von Boskoop',20,10.5,0,13.267117,52.869035),(378,15,1,1501,150141,4,'Birne',41,'Conference',4,9.5,0,13.263787,52.870895),(379,15,2,1502,150241,4,'Birne',41,'Conference',5,9.5,0,13.263894,52.870833),(380,15,3,1503,150341,4,'Birne',41,'Conference',6,9.5,0,13.264,52.87077),(381,15,4,1504,150441,4,'Birne',41,'Conference',7,9.5,0,13.264106,52.870707),(382,15,5,1505,150541,4,'Birne',41,'Conference',8,9.5,0,13.264212,52.870644),(383,15,6,1506,150641,4,'Birne',41,'Conference',9,9.5,0,13.264319,52.870581),(384,15,7,1507,150732,2,'Pflaume',32,'Hauszwetsche',5,9,0,13.264425,52.870519),(385,15,8,1508,150832,2,'Pflaume',32,'Hauszwetsche',6,9,0,13.264531,52.870456),(386,15,9,1509,150932,2,'Pflaume',32,'Hauszwetsche',7,9,0,13.264637,52.870393),(387,15,10,1510,151032,2,'Pflaume',32,'Hauszwetsche',8,9,0,13.264743,52.87033),(388,15,11,1511,151132,2,'Pflaume',32,'Hauszwetsche',9,9,0,13.26485,52.870267),(389,15,12,1512,151232,2,'Pflaume',32,'Hauszwetsche',10,9,0,13.264956,52.870204),(390,15,13,1513,151334,3,'Quitte',34,'Konstantinopeler Apfelquitte',10,10,0,13.265062,52.870142),(391,15,14,1514,151434,3,'Quitte',34,'Konstantinopeler Apfelquitte',11,10,0,13.265168,52.870079),(392,15,15,1515,151534,3,'Quitte',34,'Konstantinopeler Apfelquitte',12,10,0,13.265275,52.870016),(393,15,16,1516,151634,3,'Quitte',34,'Konstantinopeler Apfelquitte',13,10,0,13.265381,52.869953),(394,15,17,1517,151734,3,'Quitte',34,'Konstantinopeler Apfelquitte',14,10,0,13.265487,52.86989),(395,15,18,1518,151834,3,'Quitte',34,'Konstantinopeler Apfelquitte',15,10,0,13.265593,52.869827),(396,15,19,1519,151934,3,'Quitte',34,'Konstantinopeler Apfelquitte',16,10,0,13.265699,52.869765),(397,15,20,1520,152034,3,'Quitte',34,'Konstantinopeler Apfelquitte',17,10,0,13.265806,52.869702),(398,15,21,1521,152134,3,'Quitte',34,'Konstantinopeler Apfelquitte',18,10,0,13.265912,52.869639),(399,15,22,1522,152234,3,'Quitte',34,'Konstantinopeler Apfelquitte',19,10,0,13.266018,52.869576),(400,15,23,1523,152321,1,'Apfel',21,'Rheinischer Bohnapfel',6,10.8,0,13.266124,52.869513),(401,15,24,1524,152421,1,'Apfel',21,'Rheinischer Bohnapfel',7,10.8,0,13.26623,52.86945),(402,15,25,1525,152521,1,'Apfel',21,'Rheinischer Bohnapfel',8,10.8,0,13.266337,52.869388),(403,15,26,1526,152610,1,'Apfel',10,'Blenheim',1,10.5,0,13.266443,52.869325),(404,15,27,1527,152710,1,'Apfel',10,'Blenheim',2,10.5,0,13.266549,52.869262),(405,15,28,1528,152825,1,'Apfel',25,'Rheinischer Winterrambur',1,10.5,0,13.266655,52.869199),(406,15,29,1529,152925,1,'Apfel',25,'Rheinischer Winterrambur',2,10.5,0,13.266762,52.869136),(407,15,30,1530,153025,1,'Apfel',25,'Rheinischer Winterrambur',3,10.5,0,13.266868,52.869073),(408,15,31,1531,153125,1,'Apfel',25,'Rheinischer Winterrambur',4,10.5,0,13.266974,52.869011),(409,16,1,1601,160141,4,'Birne',41,'Conference',10,9.5,0,13.263751,52.870808),(410,16,2,1602,160242,4,'Birne',42,'Gräfin von Paris',1,10,0,13.263857,52.870746),(411,16,3,1603,160342,4,'Birne',42,'Gräfin von Paris',2,10,0,13.263963,52.870683),(412,16,4,1604,160442,4,'Birne',42,'Gräfin von Paris',3,10,0,13.264069,52.87062),(413,16,5,1605,160542,4,'Birne',42,'Gräfin von Paris',4,10,0,13.264176,52.870557),(414,16,6,1606,160632,2,'Pflaume',32,'Hauszwetsche',11,9,1,13.264282,52.870494),(415,16,7,1607,160732,2,'Pflaume',32,'Hauszwetsche',12,9,38,13.264388,52.870431),(416,16,8,1608,160832,2,'Pflaume',32,'Hauszwetsche',13,9,42,13.264494,52.870369),(417,16,9,1609,160932,2,'Pflaume',32,'Hauszwetsche',14,9,41,13.2646,52.870306),(418,16,10,1610,161032,2,'Pflaume',32,'Hauszwetsche',15,9,0,13.264707,52.870243),(419,16,11,1611,161134,3,'Quitte',34,'Konstantinopeler Apfelquitte',20,10,0,13.264813,52.87018),(420,16,12,1612,161235,3,'Quitte',35,'Astheimer Perlquitte',1,10,0,13.264919,52.870117),(421,16,13,1613,161335,3,'Quitte',35,'Astheimer Perlquitte',2,10,0,13.265025,52.870055),(422,16,14,1614,161435,3,'Quitte',35,'Astheimer Perlquitte',3,10,0,13.265132,52.869992),(423,16,15,1615,161535,3,'Quitte',35,'Astheimer Perlquitte',4,10,0,13.265238,52.869929),(424,16,16,1616,161635,3,'Quitte',35,'Astheimer Perlquitte',5,10,0,13.265344,52.869866),(425,16,17,1617,161735,3,'Quitte',35,'Astheimer Perlquitte',6,10,0,13.26545,52.869803),(426,16,18,1618,161835,3,'Quitte',35,'Astheimer Perlquitte',7,10,0,13.265556,52.86974),(427,16,19,1619,161935,3,'Quitte',35,'Astheimer Perlquitte',8,10,0,13.265663,52.869677),(428,16,20,1620,162035,3,'Quitte',35,'Astheimer Perlquitte',9,10,0,13.265769,52.869615),(429,16,21,1621,162135,3,'Quitte',35,'Astheimer Perlquitte',10,10,0,13.265875,52.869552),(430,16,22,1622,162235,3,'Quitte',35,'Astheimer Perlquitte',11,10,0,13.265981,52.869489),(431,16,23,1623,162310,1,'Apfel',10,'Blenheim',3,10.5,0,13.266087,52.869426),(432,16,24,1624,162410,1,'Apfel',10,'Blenheim',4,10.5,0,13.266194,52.869363),(433,16,25,1625,162510,1,'Apfel',10,'Blenheim',5,10.5,0,13.2663,52.869301),(434,16,26,1626,162610,1,'Apfel',10,'Blenheim',6,10.5,0,13.266406,52.869238),(435,16,27,1627,162710,1,'Apfel',10,'Blenheim',7,10.5,0,13.266512,52.869175),(436,16,28,1628,162825,1,'Apfel',25,'Rheinischer Winterrambur',5,10.5,0,13.266619,52.869112),(437,16,29,1629,162925,1,'Apfel',25,'Rheinischer Winterrambur',6,10.5,0,13.266725,52.869049),(438,16,30,1630,163025,1,'Apfel',25,'Rheinischer Winterrambur',7,10.5,0,13.266831,52.868986),(439,16,31,1631,163125,1,'Apfel',25,'Rheinischer Winterrambur',8,10.5,0,13.266937,52.868924),(440,17,1,1701,170142,4,'Birne',42,'Gräfin von Paris',5,10,0,13.263608,52.870784),(441,17,2,1702,170242,4,'Birne',42,'Gräfin von Paris',6,10,0,13.263714,52.870721),(442,17,3,1703,170342,4,'Birne',42,'Gräfin von Paris',7,10,0,13.26382,52.870659),(443,17,4,1704,170411,1,'Apfel',11,'Rote Sternrenette',1,10.5,20,13.263926,52.870596),(444,17,5,1705,170511,1,'Apfel',11,'Rote Sternrenette',2,10.5,0,13.264032,52.870533),(445,17,6,1706,170611,1,'Apfel',11,'Rote Sternrenette',3,10.5,0,13.264139,52.87047),(446,17,7,1707,170719,1,'Apfel',19,'Kaiser Wilhelm',1,10.5,0,13.264245,52.870407),(447,17,8,1708,170819,1,'Apfel',19,'Kaiser Wilhelm',2,10.5,0,13.264351,52.870344),(448,17,9,1709,170919,1,'Apfel',19,'Kaiser Wilhelm',3,10.5,0,13.264457,52.870281),(449,17,10,1710,171031,1,'Apfel',31,'Freiherr von Berlepsch',1,10.8,0,13.264564,52.870219),(450,17,11,1711,171131,1,'Apfel',31,'Freiherr von Berlepsch',2,10.8,0,13.26467,52.870156),(451,17,12,1712,171231,1,'Apfel',31,'Freiherr von Berlepsch',3,10.8,0,13.264776,52.870093),(452,17,13,1713,171335,3,'Quitte',35,'Astheimer Perlquitte',12,10,0,13.264882,52.87003),(453,17,14,1714,171435,3,'Quitte',35,'Astheimer Perlquitte',13,10,0,13.264988,52.869967),(454,17,15,1715,171535,3,'Quitte',35,'Astheimer Perlquitte',14,10,0,13.265095,52.869905),(455,17,16,1716,171635,3,'Quitte',35,'Astheimer Perlquitte',15,10,0,13.265201,52.869842),(456,17,17,1717,171735,3,'Quitte',35,'Astheimer Perlquitte',16,10,0,13.265307,52.869779),(457,17,18,1718,171835,3,'Quitte',35,'Astheimer Perlquitte',17,10,0,13.265413,52.869716),(458,17,19,1719,171935,3,'Quitte',35,'Astheimer Perlquitte',18,10,0,13.26552,52.869653),(459,17,20,1720,172036,3,'Quitte',36,'Vranja Birnenquitte',1,10,0,13.265626,52.86959),(460,17,21,1721,172135,3,'Quitte',35,'Astheimer Perlquitte',19,10,0,13.265732,52.869528),(461,17,22,1722,172235,3,'Quitte',35,'Astheimer Perlquitte',20,10,0,13.265838,52.869465),(462,17,23,1723,172310,1,'Apfel',10,'Blenheim',8,10.5,0,13.265944,52.869402),(463,17,24,1724,172410,1,'Apfel',10,'Blenheim',9,10.5,0,13.266051,52.869339),(464,17,25,1725,172510,1,'Apfel',10,'Blenheim',10,10.5,35,13.266157,52.869276),(465,17,26,1726,172610,1,'Apfel',10,'Blenheim',11,10.5,0,13.266263,52.869213),(466,17,27,1727,172710,1,'Apfel',10,'Blenheim',12,10.5,0,13.266369,52.869151),(467,17,28,1728,172825,1,'Apfel',25,'Rheinischer Winterrambur',9,10.5,0,13.266476,52.869088),(468,17,29,1729,172925,1,'Apfel',25,'Rheinischer Winterrambur',10,10.5,0,13.266582,52.869025),(469,17,30,1730,173025,1,'Apfel',25,'Rheinischer Winterrambur',11,10.5,0,13.266688,52.868962),(470,17,31,1731,173125,1,'Apfel',25,'Rheinischer Winterrambur',12,10.5,0,13.266794,52.868899),(471,18,1,1801,180142,4,'Birne',42,'Gräfin von Paris',8,10,34,13.263571,52.870697),(472,18,2,1802,180242,4,'Birne',42,'Gräfin von Paris',9,10,26,13.263677,52.870634),(473,18,3,1803,180311,1,'Apfel',11,'Rote Sternrenette',4,10.5,0,13.263783,52.870571),(474,18,4,1804,180411,1,'Apfel',11,'Rote Sternrenette',5,10.5,0,13.263889,52.870509),(475,18,5,1805,180511,1,'Apfel',11,'Rote Sternrenette',6,10.5,0,13.263996,52.870446),(476,18,6,1806,180619,1,'Apfel',19,'Kaiser Wilhelm',4,10.5,0,13.264102,52.870383),(477,18,7,1807,180719,1,'Apfel',19,'Kaiser Wilhelm',5,10.5,0,13.264208,52.87032),(478,18,8,1808,180819,1,'Apfel',19,'Kaiser Wilhelm',6,10.5,0,13.264314,52.870257),(479,18,9,1809,180919,1,'Apfel',19,'Kaiser Wilhelm',7,10.5,0,13.26442,52.870194),(480,18,10,1810,181031,1,'Apfel',31,'Freiherr von Berlepsch',4,10.8,32,13.264527,52.870132),(481,18,11,1811,181131,1,'Apfel',31,'Freiherr von Berlepsch',5,10.8,8,13.264633,52.870069),(482,18,12,1812,181231,1,'Apfel',31,'Freiherr von Berlepsch',6,10.8,0,13.264739,52.870006),(483,18,13,1813,181331,1,'Apfel',31,'Freiherr von Berlepsch',7,10.8,0,13.264845,52.869943),(484,18,14,1814,181436,3,'Quitte',36,'Vranja Birnenquitte',2,10,0,13.264952,52.86988),(485,18,15,1815,181536,3,'Quitte',36,'Vranja Birnenquitte',3,10,0,13.265058,52.869818),(486,18,16,1816,181636,3,'Quitte',36,'Vranja Birnenquitte',4,10,0,13.265164,52.869755),(487,18,17,1817,181736,3,'Quitte',36,'Vranja Birnenquitte',5,10,0,13.26527,52.869692),(488,18,18,1818,181836,3,'Quitte',36,'Vranja Birnenquitte',6,10,0,13.265377,52.869629),(489,18,19,1819,181936,3,'Quitte',36,'Vranja Birnenquitte',7,10,0,13.265483,52.869566),(490,18,20,1820,182036,3,'Quitte',36,'Vranja Birnenquitte',8,10,0,13.265589,52.869503),(491,18,21,1821,182136,3,'Quitte',36,'Vranja Birnenquitte',9,10,0,13.265695,52.869441),(492,18,22,1822,182236,3,'Quitte',36,'Vranja Birnenquitte',10,10,28,13.265801,52.869378),(493,18,23,1823,182337,3,'Quitte',37,'Wudonia Apfelquitte',1,10,0,13.265908,52.869315),(494,18,24,1824,182410,1,'Apfel',10,'Blenheim',13,10.5,0,13.266014,52.869252),(495,18,25,1825,182510,1,'Apfel',10,'Blenheim',14,10.5,0,13.26612,52.869189),(496,18,26,1826,182610,1,'Apfel',10,'Blenheim',15,10.5,0,13.266226,52.869126),(497,18,27,1827,182710,1,'Apfel',10,'Blenheim',16,10.5,0,13.266332,52.869064),(498,18,28,1828,182825,1,'Apfel',25,'Rheinischer Winterrambur',13,10.5,0,13.266439,52.869001),(499,18,29,1829,182925,1,'Apfel',25,'Rheinischer Winterrambur',14,10.5,0,13.266545,52.868938),(500,18,30,1830,183025,1,'Apfel',25,'Rheinischer Winterrambur',15,10.5,0,13.266651,52.868875),(501,18,31,1831,183125,1,'Apfel',25,'Rheinischer Winterrambur',16,10.5,0,13.266757,52.868812),(502,19,1,1901,190142,4,'Birne',42,'Gräfin von Paris',10,10,25,13.263534,52.87061),(503,19,2,1902,190211,1,'Apfel',11,'Rote Sternrenette',7,10.5,0,13.26364,52.870547),(504,19,3,1903,190311,1,'Apfel',11,'Rote Sternrenette',8,10.5,0,13.263746,52.870484),(505,19,4,1904,190411,1,'Apfel',11,'Rote Sternrenette',9,10.5,0,13.263853,52.870422),(506,19,5,1905,190511,1,'Apfel',11,'Rote Sternrenette',10,10.5,0,13.263959,52.870359),(507,19,6,1906,190619,1,'Apfel',19,'Kaiser Wilhelm',8,10.5,0,13.264065,52.870296),(508,19,7,1907,190719,1,'Apfel',19,'Kaiser Wilhelm',9,10.5,0,13.264171,52.870233),(509,19,8,1908,190819,1,'Apfel',19,'Kaiser Wilhelm',10,10.5,0,13.264277,52.87017),(510,19,9,1909,190931,1,'Apfel',31,'Freiherr von Berlepsch',8,10.8,0,13.264384,52.870107),(511,19,10,1910,191031,1,'Apfel',31,'Freiherr von Berlepsch',9,10.8,0,13.26449,52.870045),(512,19,11,1911,191131,1,'Apfel',31,'Freiherr von Berlepsch',10,10.8,0,13.264596,52.869982),(513,19,12,1912,191221,1,'Apfel',21,'Rheinischer Bohnapfel',9,10.8,0,13.264702,52.869919),(514,19,13,1913,191321,1,'Apfel',21,'Rheinischer Bohnapfel',10,10.8,0,13.264809,52.869856),(515,19,14,1914,191425,1,'Apfel',25,'Rheinischer Winterrambur',17,10.5,0,13.264915,52.869793),(516,19,15,1915,191537,3,'Quitte',37,'Wudonia Apfelquitte',2,10,0,13.265021,52.86973),(517,19,16,1916,191637,3,'Quitte',37,'Wudonia Apfelquitte',3,10,0,13.265127,52.869668),(518,19,17,1917,191737,3,'Quitte',37,'Wudonia Apfelquitte',4,10,0,13.265234,52.869605),(519,19,18,1918,191837,3,'Quitte',37,'Wudonia Apfelquitte',5,10,0,13.26534,52.869542),(520,19,19,1919,191937,3,'Quitte',37,'Wudonia Apfelquitte',6,10,0,13.265446,52.869479),(521,19,20,1920,192037,3,'Quitte',37,'Wudonia Apfelquitte',7,10,0,13.265552,52.869416),(522,19,21,1921,192137,3,'Quitte',37,'Wudonia Apfelquitte',8,10,0,13.265658,52.869353),(523,19,22,1922,192237,3,'Quitte',37,'Wudonia Apfelquitte',9,10,0,13.265765,52.869291),(524,19,23,1923,192337,3,'Quitte',37,'Wudonia Apfelquitte',10,10,0,13.265871,52.869228),(525,19,24,1924,192410,1,'Apfel',10,'Blenheim',17,10.5,0,13.265977,52.869165),(526,19,25,1925,192510,1,'Apfel',10,'Blenheim',18,10.5,0,13.266083,52.869102),(527,19,26,1926,192610,1,'Apfel',10,'Blenheim',19,10.5,0,13.266189,52.869039),(528,19,27,1927,192710,1,'Apfel',10,'Blenheim',20,10.5,0,13.266296,52.868976),(529,19,28,1928,192825,1,'Apfel',25,'Rheinischer Winterrambur',18,10.5,0,13.266402,52.868914),(530,19,29,1929,192925,1,'Apfel',25,'Rheinischer Winterrambur',19,10.5,0,13.266508,52.868851),(531,19,30,1930,193025,1,'Apfel',25,'Rheinischer Winterrambur',20,10.5,0,13.266614,52.868788);
/*!40000 ALTER TABLE `pflanzliste` ENABLE KEYS */;
UNLOCK TABLES;
/*!40103 SET TIME_ZONE=@OLD_TIME_ZONE */;

/*!40101 SET SQL_MODE=@OLD_SQL_MODE */;
/*!40014 SET FOREIGN_KEY_CHECKS=@OLD_FOREIGN_KEY_CHECKS */;
/*!40014 SET UNIQUE_CHECKS=@OLD_UNIQUE_CHECKS */;
/*!40101 SET CHARACTER_SET_CLIENT=@OLD_CHARACTER_SET_CLIENT */;
/*!40101 SET CHARACTER_SET_RESULTS=@OLD_CHARACTER_SET_RESULTS */;
/*!40101 SET COLLATION_CONNECTION=@OLD_COLLATION_CONNECTION */;
/*!40111 SET SQL_NOTES=@OLD_SQL_NOTES */;

-- Dump completed on 2020-03-24 23:45:43
